seed,rank_within_seed,departure_date,launch_epoch,arrival_epoch,total_dsm_kms,objective_total_dv_kms,c3_kms2,arrival_vinf_kms,total_tof_years,detail_file,detail_json_path
seed2718,1,2037-10-22,2037-Oct-22 14:38:56.588993,2043-Oct-01 07:20:10.750910,1.961396520092,1.961396520092,15.000000000000,5.652693559692,5.940301992608,rank_001.json,/Users/ike/Desktop/Purdue/2025-2026/AAE450/minos-1-orbits-cloud-arch/v2/good_results/dvega/dvega_batches/seed2718/candidate_details/rank_001.json
seed314,1,2037-10-22,2037-Oct-22 14:38:56.588993,2043-Oct-01 07:20:10.750910,1.961396520092,1.961396520092,15.000000000000,5.652693559692,5.940301992608,rank_001.json,/Users/ike/Desktop/Purdue/2025-2026/AAE450/minos-1-orbits-cloud-arch/v2/good_results/dvega/dvega_batches/seed314/candidate_details/rank_001.json
seed42,1,2037-10-22,2037-Oct-22 14:38:56.588993,2043-Oct-01 07:20:10.750910,1.961396520092,1.961396520092,15.000000000000,5.652693559692,5.940301992608,rank_001.json,/Users/ike/Desktop/Purdue/2025-2026/AAE450/minos-1-orbits-cloud-arch/v2/good_results/dvega/dvega_batches/seed42/candidate_details/rank_001.json
seed2718,2,2030-03-02,2030-Mar-02 23:05:07.619450,2035-Oct-21 07:55:49.353330,2.048997622208,2.048997622208,15.000000000000,5.870566285408,5.635505923577,rank_002.json,/Users/ike/Desktop/Purdue/2025-2026/AAE450/minos-1-orbits-cloud-arch/v2/good_results/dvega/dvega_batches/seed2718/candidate_details/rank_002.json
seed314,2,2030-03-03,2030-Mar-03 05:02:59.204060,2035-Oct-23 07:25:38.424194,2.048998588184,2.048998588184,15.000000000000,5.868216048719,5.640243846811,rank_002.json,/Users/ike/Desktop/Purdue/2025-2026/AAE450/minos-1-orbits-cloud-arch/v2/good_results/dvega/dvega_batches/seed314/candidate_details/rank_002.json
seed314,3,2030-03-03,2030-Mar-03 05:03:07.563099,2035-Oct-23 07:03:00.087102,2.048998592765,2.048998592765,15.000000000000,5.868230842689,5.640200538824,rank_003.json,/Users/ike/Desktop/Purdue/2025-2026/AAE450/minos-1-orbits-cloud-arch/v2/good_results/dvega/dvega_batches/seed314/candidate_details/rank_003.json
seed2718,3,2030-03-03,2030-Mar-03 05:03:15.768323,2035-Oct-23 07:14:05.548402,2.048998622158,2.048998622158,15.000000000000,5.868216823873,5.640221366013,rank_003.json,/Users/ike/Desktop/Purdue/2025-2026/AAE450/minos-1-orbits-cloud-arch/v2/good_results/dvega/dvega_batches/seed2718/candidate_details/rank_003.json
seed2718,4,2030-03-03,2030-Mar-03 05:03:30.626303,2035-Oct-23 07:33:12.499641,2.048998663563,2.048998663563,15.000000000000,5.868199711469,5.640257239883,rank_004.json,/Users/ike/Desktop/Purdue/2025-2026/AAE450/minos-1-orbits-cloud-arch/v2/good_results/dvega/dvega_batches/seed2718/candidate_details/rank_004.json
seed314,4,2030-03-03,2030-Mar-03 05:03:41.206138,2035-Oct-23 07:39:17.006103,2.048998688101,2.048998688101,15.000000000000,5.868202286893,5.640268455141,rank_004.json,/Users/ike/Desktop/Purdue/2025-2026/AAE450/minos-1-orbits-cloud-arch/v2/good_results/dvega/dvega_batches/seed314/candidate_details/rank_004.json
seed2718,5,2030-03-03,2030-Mar-03 05:03:41.854162,2035-Oct-23 07:48:10.802272,2.048998701006,2.048998701006,15.000000000000,5.868182857591,5.640285349586,rank_005.json,/Users/ike/Desktop/Purdue/2025-2026/AAE450/minos-1-orbits-cloud-arch/v2/good_results/dvega/dvega_batches/seed2718/candidate_details/rank_005.json
seed314,5,2030-03-03,2030-Mar-03 05:04:01.875064,2035-Oct-23 07:40:50.519245,2.048998740095,2.048998740095,15.000000000000,5.868187734102,5.640270763435,rank_005.json,/Users/ike/Desktop/Purdue/2025-2026/AAE450/minos-1-orbits-cloud-arch/v2/good_results/dvega/dvega_batches/seed314/candidate_details/rank_005.json
seed314,6,2030-03-03,2030-Mar-03 05:04:22.977887,2035-Oct-23 07:34:37.812266,2.048998775376,2.048998775376,15.000000000000,5.868199636757,5.640258284356,rank_006.json,/Users/ike/Desktop/Purdue/2025-2026/AAE450/minos-1-orbits-cloud-arch/v2/good_results/dvega/dvega_batches/seed314/candidate_details/rank_006.json
seed2718,6,2030-03-03,2030-Mar-03 05:04:44.690910,2035-Oct-23 07:23:37.878320,2.048998814689,2.048998814689,15.000000000000,5.868212874357,5.640236684267,rank_006.json,/Users/ike/Desktop/Purdue/2025-2026/AAE450/minos-1-orbits-cloud-arch/v2/good_results/dvega/dvega_batches/seed2718/candidate_details/rank_006.json
seed314,7,2030-03-03,2030-Mar-03 05:04:42.837525,2035-Oct-23 07:34:08.111831,2.048998815652,2.048998815652,15.000000000000,5.868208292782,5.640256713892,rank_007.json,/Users/ike/Desktop/Purdue/2025-2026/AAE450/minos-1-orbits-cloud-arch/v2/good_results/dvega/dvega_batches/seed314/candidate_details/rank_007.json
seed2718,7,2030-03-03,2030-Mar-03 05:04:47.395033,2035-Oct-23 07:25:23.440491,2.048998823513,2.048998823513,15.000000000000,5.868206639864,5.640239943641,rank_007.json,/Users/ike/Desktop/Purdue/2025-2026/AAE450/minos-1-orbits-cloud-arch/v2/good_results/dvega/dvega_batches/seed2718/candidate_details/rank_007.json
seed314,8,2030-03-03,2030-Mar-03 05:04:48.758952,2035-Oct-23 07:53:02.140799,2.048998846244,2.048998846244,15.000000000000,5.868182030936,5.640292461462,rank_008.json,/Users/ike/Desktop/Purdue/2025-2026/AAE450/minos-1-orbits-cloud-arch/v2/good_results/dvega/dvega_batches/seed314/candidate_details/rank_008.json
seed2718,8,2030-03-03,2030-Mar-03 05:04:55.219277,2035-Oct-23 07:32:29.483923,2.048998848007,2.048998848007,15.000000000000,5.868200149898,5.640253196208,rank_008.json,/Users/ike/Desktop/Purdue/2025-2026/AAE450/minos-1-orbits-cloud-arch/v2/good_results/dvega/dvega_batches/seed2718/candidate_details/rank_008.json
seed2718,9,2030-03-03,2030-Mar-03 05:05:05.827902,2035-Oct-23 07:48:15.410600,2.048998878622,2.048998878622,15.000000000000,5.868187096985,5.640282834648,rank_009.json,/Users/ike/Desktop/Purdue/2025-2026/AAE450/minos-1-orbits-cloud-arch/v2/good_results/dvega/dvega_batches/seed2718/candidate_details/rank_009.json
seed2718,10,2030-03-03,2030-Mar-03 05:05:08.372421,2035-Oct-23 07:48:43.453270,2.048998881183,2.048998881183,15.000000000000,5.868193598007,5.640283642636,rank_010.json,/Users/ike/Desktop/Purdue/2025-2026/AAE450/minos-1-orbits-cloud-arch/v2/good_results/dvega/dvega_batches/seed2718/candidate_details/rank_010.json
seed314,9,2030-03-02,2030-Mar-02 22:54:56.261237,2035-Oct-21 02:52:13.573854,2.048998979005,2.048998979005,15.000000000000,5.870895381718,5.634948073130,rank_009.json,/Users/ike/Desktop/Purdue/2025-2026/AAE450/minos-1-orbits-cloud-arch/v2/good_results/dvega/dvega_batches/seed314/candidate_details/rank_009.json
seed314,10,2030-03-03,2030-Mar-03 05:05:54.494010,2035-Oct-23 07:42:36.830345,2.048998985289,2.048998985289,15.000000000000,5.868187543802,5.640270563552,rank_010.json,/Users/ike/Desktop/Purdue/2025-2026/AAE450/minos-1-orbits-cloud-arch/v2/good_results/dvega/dvega_batches/seed314/candidate_details/rank_010.json
seed314,11,2030-03-03,2030-Mar-03 05:05:59.642390,2035-Oct-23 07:49:59.131845,2.048998996275,2.048998996275,15.000000000000,5.868186038607,5.640284416098,rank_011.json,/Users/ike/Desktop/Purdue/2025-2026/AAE450/minos-1-orbits-cloud-arch/v2/good_results/dvega/dvega_batches/seed314/candidate_details/rank_011.json
seed2718,11,2030-03-02,2030-Mar-02 22:54:44.255328,2035-Oct-21 02:45:18.963582,2.048999007572,2.048999007572,15.000000000000,5.870893376151,5.634935315368,rank_011.json,/Users/ike/Desktop/Purdue/2025-2026/AAE450/minos-1-orbits-cloud-arch/v2/good_results/dvega/dvega_batches/seed2718/candidate_details/rank_011.json
seed2718,12,2030-03-02,2030-Mar-02 22:54:37.500791,2035-Oct-21 02:39:07.440203,2.048999026780,2.048999026780,15.000000000000,5.870899836393,5.634923756541,rank_012.json,/Users/ike/Desktop/Purdue/2025-2026/AAE450/minos-1-orbits-cloud-arch/v2/good_results/dvega/dvega_batches/seed2718/candidate_details/rank_012.json
seed314,12,2030-03-03,2030-Mar-03 05:06:24.235872,2035-Oct-23 07:42:45.108025,2.048999045141,2.048999045141,15.000000000000,5.868191194473,5.640269883393,rank_012.json,/Users/ike/Desktop/Purdue/2025-2026/AAE450/minos-1-orbits-cloud-arch/v2/good_results/dvega/dvega_batches/seed314/candidate_details/rank_012.json
seed2718,13,2030-03-03,2030-Mar-03 05:06:55.134639,2035-Oct-23 07:42:35.313479,2.048999107997,2.048999107997,15.000000000000,5.868196768618,5.640268593899,rank_013.json,/Users/ike/Desktop/Purdue/2025-2026/AAE450/minos-1-orbits-cloud-arch/v2/good_results/dvega/dvega_batches/seed2718/candidate_details/rank_013.json
seed2718,14,2030-03-03,2030-Mar-03 05:06:55.525097,2035-Oct-23 07:46:23.945792,2.048999113316,2.048999113316,15.000000000000,5.868191334051,5.640275826447,rank_014.json,/Users/ike/Desktop/Purdue/2025-2026/AAE450/minos-1-orbits-cloud-arch/v2/good_results/dvega/dvega_batches/seed2718/candidate_details/rank_014.json
seed2718,15,2030-03-02,2030-Mar-02 22:53:58.676556,2035-Oct-21 02:30:50.458113,2.048999117473,2.048999117473,15.000000000000,5.870905540402,5.634909238394,rank_015.json,/Users/ike/Desktop/Purdue/2025-2026/AAE450/minos-1-orbits-cloud-arch/v2/good_results/dvega/dvega_batches/seed2718/candidate_details/rank_015.json
seed314,13,2030-03-03,2030-Mar-03 05:06:48.373095,2035-Oct-23 08:20:49.198296,2.048999122576,2.048999122576,15.000000000000,5.868161498900,5.640341496983,rank_013.json,/Users/ike/Desktop/Purdue/2025-2026/AAE450/minos-1-orbits-cloud-arch/v2/good_results/dvega/dvega_batches/seed314/candidate_details/rank_013.json
seed314,14,2030-03-02,2030-Mar-02 22:53:49.051032,2035-Oct-21 02:36:02.439072,2.048999134437,2.048999134437,15.000000000000,5.870903038993,5.634919429489,rank_014.json,/Users/ike/Desktop/Purdue/2025-2026/AAE450/minos-1-orbits-cloud-arch/v2/good_results/dvega/dvega_batches/seed314/candidate_details/rank_014.json
seed314,15,2030-03-03,2030-Mar-03 05:07:09.153163,2035-Oct-23 08:01:30.896712,2.048999155964,2.048999155964,15.000000000000,5.868172584164,5.640304134140,rank_015.json,/Users/ike/Desktop/Purdue/2025-2026/AAE450/minos-1-orbits-cloud-arch/v2/good_results/dvega/dvega_batches/seed314/candidate_details/rank_015.json
seed314,16,2030-03-28,2030-Mar-28 05:20:39.712575,2035-Oct-21 05:56:23.085560,2.070692831150,2.070692831150,14.999999999978,5.869442251938,5.566118569631,rank_016.json,/Users/ike/Desktop/Purdue/2025-2026/AAE450/minos-1-orbits-cloud-arch/v2/good_results/dvega/dvega_batches/seed314/candidate_details/rank_016.json
seed2718,16,2030-03-28,2030-Mar-28 05:20:40.145039,2035-Oct-21 05:57:05.591999,2.070692831150,2.070692831150,14.999999999993,5.869441353332,5.566119902875,rank_016.json,/Users/ike/Desktop/Purdue/2025-2026/AAE450/minos-1-orbits-cloud-arch/v2/good_results/dvega/dvega_batches/seed2718/candidate_details/rank_016.json
seed2718,18,2030-03-28,2030-Mar-28 05:20:41.382511,2035-Oct-21 05:56:48.826776,2.070692831151,2.070692831151,14.999999999898,5.869441817920,5.566119332404,rank_018.json,/Users/ike/Desktop/Purdue/2025-2026/AAE450/minos-1-orbits-cloud-arch/v2/good_results/dvega/dvega_batches/seed2718/candidate_details/rank_018.json
seed314,20,2030-03-28,2030-Mar-28 05:20:41.098135,2035-Oct-21 05:57:47.337430,2.070692831151,2.070692831151,14.999999999953,5.869440628109,5.566121195506,rank_020.json,/Users/ike/Desktop/Purdue/2025-2026/AAE450/minos-1-orbits-cloud-arch/v2/good_results/dvega/dvega_batches/seed314/candidate_details/rank_020.json
seed314,18,2030-03-28,2030-Mar-28 05:20:43.043828,2035-Oct-21 05:57:54.778611,2.070692831151,2.070692831151,14.999999999966,5.869440579170,5.566121369647,rank_018.json,/Users/ike/Desktop/Purdue/2025-2026/AAE450/minos-1-orbits-cloud-arch/v2/good_results/dvega/dvega_batches/seed314/candidate_details/rank_018.json
seed314,19,2030-03-28,2030-Mar-28 05:20:42.205634,2035-Oct-21 05:57:43.985923,2.070692831151,2.070692831151,14.999999999973,5.869441007254,5.566121054208,rank_019.json,/Users/ike/Desktop/Purdue/2025-2026/AAE450/minos-1-orbits-cloud-arch/v2/good_results/dvega/dvega_batches/seed314/candidate_details/rank_019.json
seed314,17,2030-03-28,2030-Mar-28 05:20:39.772378,2035-Oct-21 05:56:21.730130,2.070692831151,2.070692831151,14.999999999978,5.869442304860,5.566118524785,rank_017.json,/Users/ike/Desktop/Purdue/2025-2026/AAE450/minos-1-orbits-cloud-arch/v2/good_results/dvega/dvega_batches/seed314/candidate_details/rank_017.json
seed314,21,2030-03-28,2030-Mar-28 05:20:42.656668,2035-Oct-21 05:57:51.151873,2.070692831151,2.070692831151,14.999999999979,5.869440644295,5.566121266991,rank_021.json,/Users/ike/Desktop/Purdue/2025-2026/AAE450/minos-1-orbits-cloud-arch/v2/good_results/dvega/dvega_batches/seed314/candidate_details/rank_021.json
seed2718,17,2030-03-28,2030-Mar-28 05:20:39.353721,2035-Oct-21 05:57:02.271866,2.070692831151,2.070692831151,14.999999999980,5.869441279298,5.566119822741,rank_017.json,/Users/ike/Desktop/Purdue/2025-2026/AAE450/minos-1-orbits-cloud-arch/v2/good_results/dvega/dvega_batches/seed2718/candidate_details/rank_017.json
seed2718,19,2030-03-28,2030-Mar-28 05:20:43.887383,2035-Oct-21 05:57:56.590254,2.070692831151,2.070692831151,14.999999999987,5.869440729239,5.566121400324,rank_019.json,/Users/ike/Desktop/Purdue/2025-2026/AAE450/minos-1-orbits-cloud-arch/v2/good_results/dvega/dvega_batches/seed2718/candidate_details/rank_019.json
seed314,22,2030-03-28,2030-Mar-28 05:20:42.979112,2035-Oct-21 05:57:39.188972,2.070692831151,2.070692831151,14.999999999989,5.869440810550,5.566120877692,rank_022.json,/Users/ike/Desktop/Purdue/2025-2026/AAE450/minos-1-orbits-cloud-arch/v2/good_results/dvega/dvega_batches/seed314/candidate_details/rank_022.json
seed314,25,2030-03-28,2030-Mar-28 05:20:38.255338,2035-Oct-21 05:56:57.551283,2.070692831152,2.070692831152,14.999999999956,5.869441501911,5.566119707961,rank_025.json,/Users/ike/Desktop/Purdue/2025-2026/AAE450/minos-1-orbits-cloud-arch/v2/good_results/dvega/dvega_batches/seed314/candidate_details/rank_025.json
seed314,27,2030-03-28,2030-Mar-28 05:20:42.388526,2035-Oct-21 05:57:45.109183,2.070692831152,2.070692831152,14.999999999976,5.869440712872,5.566121084007,rank_027.json,/Users/ike/Desktop/Purdue/2025-2026/AAE450/minos-1-orbits-cloud-arch/v2/good_results/dvega/dvega_batches/seed314/candidate_details/rank_027.json
seed2718,21,2030-03-28,2030-Mar-28 05:20:40.553691,2035-Oct-21 05:57:47.143013,2.070692831152,2.070692831152,14.999999999984,5.869440445453,5.566121206598,rank_021.json,/Users/ike/Desktop/Purdue/2025-2026/AAE450/minos-1-orbits-cloud-arch/v2/good_results/dvega/dvega_batches/seed2718/candidate_details/rank_021.json
seed2718,22,2030-03-28,2030-Mar-28 05:20:37.692208,2035-Oct-21 05:56:00.661349,2.070692831152,2.070692831152,14.999999999992,5.869442723741,5.566117923072,rank_022.json,/Users/ike/Desktop/Purdue/2025-2026/AAE450/minos-1-orbits-cloud-arch/v2/good_results/dvega/dvega_batches/seed2718/candidate_details/rank_022.json
seed314,26,2030-03-28,2030-Mar-28 05:20:40.676997,2035-Oct-21 05:58:00.921863,2.070692831152,2.070692831152,14.999999999993,5.869440345335,5.566121639316,rank_026.json,/Users/ike/Desktop/Purdue/2025-2026/AAE450/minos-1-orbits-cloud-arch/v2/good_results/dvega/dvega_batches/seed314/candidate_details/rank_026.json
seed2718,20,2030-03-28,2030-Mar-28 05:20:38.499496,2035-Oct-21 05:56:12.796858,2.070692831152,2.070692831152,14.999999999995,5.869442463818,5.566118282042,rank_020.json,/Users/ike/Desktop/Purdue/2025-2026/AAE450/minos-1-orbits-cloud-arch/v2/good_results/dvega/dvega_batches/seed2718/candidate_details/rank_020.json
seed314,23,2030-03-28,2030-Mar-28 05:20:39.046269,2035-Oct-21 05:57:10.992763,2.070692831152,2.070692831152,14.999999999995,5.869441266579,5.566120108833,rank_023.json,/Users/ike/Desktop/Purdue/2025-2026/AAE450/minos-1-orbits-cloud-arch/v2/good_results/dvega/dvega_batches/seed314/candidate_details/rank_023.json
seed314,24,2030-03-28,2030-Mar-28 05:20:38.210399,2035-Oct-21 05:57:05.453175,2.070692831152,2.070692831152,14.999999999996,5.869441299401,5.566119959781,rank_024.json,/Users/ike/Desktop/Purdue/2025-2026/AAE450/minos-1-orbits-cloud-arch/v2/good_results/dvega/dvega_batches/seed314/candidate_details/rank_024.json
seed2718,25,2030-03-28,2030-Mar-28 05:20:41.160332,2035-Oct-21 05:57:06.601370,2.070692831153,2.070692831153,14.999999999830,5.869441577810,5.566119902687,rank_025.json,/Users/ike/Desktop/Purdue/2025-2026/AAE450/minos-1-orbits-cloud-arch/v2/good_results/dvega/dvega_batches/seed2718/candidate_details/rank_025.json
seed2718,28,2030-03-28,2030-Mar-28 05:20:40.904050,2035-Oct-21 05:56:35.424487,2.070692831153,2.070692831153,14.999999999948,5.869442394153,5.566118922872,rank_028.json,/Users/ike/Desktop/Purdue/2025-2026/AAE450/minos-1-orbits-cloud-arch/v2/good_results/dvega/dvega_batches/seed2718/candidate_details/rank_028.json
seed314,28,2030-03-28,2030-Mar-28 05:20:38.030266,2035-Oct-21 05:56:34.071903,2.070692831153,2.070692831153,14.999999999956,5.869442175258,5.566118971076,rank_028.json,/Users/ike/Desktop/Purdue/2025-2026/AAE450/minos-1-orbits-cloud-arch/v2/good_results/dvega/dvega_batches/seed314/candidate_details/rank_028.json
seed314,30,2030-03-28,2030-Mar-28 05:20:39.640139,2035-Oct-21 05:57:26.409651,2.070692831153,2.070692831153,14.999999999967,5.869440565220,5.566120578546,rank_030.json,/Users/ike/Desktop/Purdue/2025-2026/AAE450/minos-1-orbits-cloud-arch/v2/good_results/dvega/dvega_batches/seed314/candidate_details/rank_030.json
seed2718,24,2030-03-28,2030-Mar-28 05:20:43.200664,2035-Oct-21 05:57:12.975936,2.070692831153,2.070692831153,14.999999999972,5.869441468065,5.566120040031,rank_024.json,/Users/ike/Desktop/Purdue/2025-2026/AAE450/minos-1-orbits-cloud-arch/v2/good_results/dvega/dvega_batches/seed2718/candidate_details/rank_024.json
seed2718,23,2030-03-28,2030-Mar-28 05:20:44.178743,2035-Oct-21 05:57:56.755949,2.070692831153,2.070692831153,14.999999999986,5.869440389260,5.566121396342,rank_023.json,/Users/ike/Desktop/Purdue/2025-2026/AAE450/minos-1-orbits-cloud-arch/v2/good_results/dvega/dvega_batches/seed2718/candidate_details/rank_023.json
seed2718,27,2030-03-28,2030-Mar-28 05:20:39.365281,2035-Oct-21 05:56:54.174803,2.070692831153,2.070692831153,14.999999999987,5.869441212277,5.566119565795,rank_027.json,/Users/ike/Desktop/Purdue/2025-2026/AAE450/minos-1-orbits-cloud-arch/v2/good_results/dvega/dvega_batches/seed2718/candidate_details/rank_027.json
seed314,32,2030-03-28,2030-Mar-28 05:20:45.590850,2035-Oct-21 05:58:03.790638,2.070692831153,2.070692831153,14.999999999992,5.869440547917,5.566121574511,rank_032.json,/Users/ike/Desktop/Purdue/2025-2026/AAE450/minos-1-orbits-cloud-arch/v2/good_results/dvega/dvega_batches/seed314/candidate_details/rank_032.json
seed314,31,2030-03-28,2030-Mar-28 05:20:42.073726,2035-Oct-21 05:58:09.667013,2.070692831153,2.070692831153,14.999999999995,5.869440314609,5.566121872173,rank_031.json,/Users/ike/Desktop/Purdue/2025-2026/AAE450/minos-1-orbits-cloud-arch/v2/good_results/dvega/dvega_batches/seed314/candidate_details/rank_031.json
seed314,33,2030-03-28,2030-Mar-28 05:20:37.383569,2035-Oct-21 05:56:32.846380,2.070692831153,2.070692831153,14.999999999996,5.869441773836,5.566118952734,rank_033.json,/Users/ike/Desktop/Purdue/2025-2026/AAE450/minos-1-orbits-cloud-arch/v2/good_results/dvega/dvega_batches/seed314/candidate_details/rank_033.json
seed2718,26,2030-03-28,2030-Mar-28 05:20:37.785371,2035-Oct-21 05:56:04.181485,2.070692831153,2.070692831153,14.999999999998,5.869442430858,5.566118031666,rank_026.json,/Users/ike/Desktop/Purdue/2025-2026/AAE450/minos-1-orbits-cloud-arch/v2/good_results/dvega/dvega_batches/seed2718/candidate_details/rank_026.json
seed314,29,2030-03-28,2030-Mar-28 05:20:39.987954,2035-Oct-21 05:57:53.618448,2.070692831153,2.070692831153,14.999999999998,5.869440322295,5.566121429719,rank_029.json,/Users/ike/Desktop/Purdue/2025-2026/AAE450/minos-1-orbits-cloud-arch/v2/good_results/dvega/dvega_batches/seed314/candidate_details/rank_029.json
seed2718,29,2030-03-28,2030-Mar-28 05:20:42.108489,2035-Oct-21 05:56:17.409711,2.070692831154,2.070692831154,14.999999999970,5.869442459962,5.566118313852,rank_029.json,/Users/ike/Desktop/Purdue/2025-2026/AAE450/minos-1-orbits-cloud-arch/v2/good_results/dvega/dvega_batches/seed2718/candidate_details/rank_029.json
seed2718,32,2030-03-28,2030-Mar-28 05:20:39.166343,2035-Oct-21 05:57:01.085631,2.070692831154,2.070692831154,14.999999999977,5.869441566294,5.566119791090,rank_032.json,/Users/ike/Desktop/Purdue/2025-2026/AAE450/minos-1-orbits-cloud-arch/v2/good_results/dvega/dvega_batches/seed2718/candidate_details/rank_032.json
seed2718,30,2030-03-28,2030-Mar-28 05:20:38.566500,2035-Oct-21 05:56:06.019631,2.070692831154,2.070692831154,14.999999999978,5.869442596503,5.566118065161,rank_030.json,/Users/ike/Desktop/Purdue/2025-2026/AAE450/minos-1-orbits-cloud-arch/v2/good_results/dvega/dvega_batches/seed2718/candidate_details/rank_030.json
seed2718,31,2030-03-28,2030-Mar-28 05:20:45.367584,2035-Oct-21 05:58:28.061465,2.070692831154,2.070692831154,14.999999999983,5.869440242467,5.566122350682,rank_031.json,/Users/ike/Desktop/Purdue/2025-2026/AAE450/minos-1-orbits-cloud-arch/v2/good_results/dvega/dvega_batches/seed2718/candidate_details/rank_031.json
seed314,37,2030-03-28,2030-Mar-28 05:20:39.708358,2035-Oct-21 05:58:00.921009,2.070692831154,2.070692831154,14.999999999987,5.869440132093,5.566121669983,rank_037.json,/Users/ike/Desktop/Purdue/2025-2026/AAE450/minos-1-orbits-cloud-arch/v2/good_results/dvega/dvega_batches/seed314/candidate_details/rank_037.json
seed314,35,2030-03-28,2030-Mar-28 05:20:38.850378,2035-Oct-21 05:56:43.847456,2.070692831154,2.070692831154,14.999999999993,5.869441835041,5.566119254857,rank_035.json,/Users/ike/Desktop/Purdue/2025-2026/AAE450/minos-1-orbits-cloud-arch/v2/good_results/dvega/dvega_batches/seed314/candidate_details/rank_035.json
seed314,34,2030-03-28,2030-Mar-28 05:20:39.019314,2035-Oct-21 05:57:31.498600,2.070692831154,2.070692831154,14.999999999994,5.869440989431,5.566120759477,rank_034.json,/Users/ike/Desktop/Purdue/2025-2026/AAE450/minos-1-orbits-cloud-arch/v2/good_results/dvega/dvega_batches/seed314/candidate_details/rank_034.json
seed314,36,2030-03-28,2030-Mar-28 05:20:37.929530,2035-Oct-21 05:56:20.472400,2.070692831154,2.070692831154,14.999999999996,5.869442253433,5.566118543326,rank_036.json,/Users/ike/Desktop/Purdue/2025-2026/AAE450/minos-1-orbits-cloud-arch/v2/good_results/dvega/dvega_batches/seed314/candidate_details/rank_036.json
seed2718,33,2030-03-28,2030-Mar-28 05:20:41.936724,2035-Oct-21 05:57:23.753726,2.070692831155,2.070692831155,14.999999999828,5.869441393684,5.566120421610,rank_033.json,/Users/ike/Desktop/Purdue/2025-2026/AAE450/minos-1-orbits-cloud-arch/v2/good_results/dvega/dvega_batches/seed2718/candidate_details/rank_033.json
seed2718,34,2030-03-28,2030-Mar-28 05:20:39.648351,2035-Oct-21 05:56:08.897871,2.070692831155,2.070692831155,14.999999999916,5.869442595684,5.566118122085,rank_034.json,/Users/ike/Desktop/Purdue/2025-2026/AAE450/minos-1-orbits-cloud-arch/v2/good_results/dvega/dvega_batches/seed2718/candidate_details/rank_034.json
seed314,40,2030-03-28,2030-Mar-28 05:20:44.763798,2035-Oct-21 05:58:42.057271,2.070692831155,2.070692831155,14.999999999982,5.869439699663,5.566122813315,rank_040.json,/Users/ike/Desktop/Purdue/2025-2026/AAE450/minos-1-orbits-cloud-arch/v2/good_results/dvega/dvega_batches/seed314/candidate_details/rank_040.json
seed314,39,2030-03-28,2030-Mar-28 05:20:39.131318,2035-Oct-21 05:57:50.923508,2.070692831155,2.070692831155,14.999999999986,5.869440236775,5.566121371466,rank_039.json,/Users/ike/Desktop/Purdue/2025-2026/AAE450/minos-1-orbits-cloud-arch/v2/good_results/dvega/dvega_batches/seed314/candidate_details/rank_039.json
seed314,38,2030-03-28,2030-Mar-28 05:20:38.734601,2035-Oct-21 05:57:40.602429,2.070692831155,2.070692831155,14.999999999989,5.869440288840,5.566121056982,rank_038.json,/Users/ike/Desktop/Purdue/2025-2026/AAE450/minos-1-orbits-cloud-arch/v2/good_results/dvega/dvega_batches/seed314/candidate_details/rank_038.json
seed2718,39,2030-03-28,2030-Mar-28 05:20:43.200664,2035-Oct-21 05:57:12.975936,2.070692831156,2.070692831156,14.999999999827,5.869441439652,5.566120040031,rank_039.json,/Users/ike/Desktop/Purdue/2025-2026/AAE450/minos-1-orbits-cloud-arch/v2/good_results/dvega/dvega_batches/seed2718/candidate_details/rank_039.json
seed314,41,2030-03-28,2030-Mar-28 05:20:36.725400,2035-Oct-21 05:55:51.256946,2.070692831156,2.070692831156,14.999999999937,5.869442883943,5.566117655701,rank_041.json,/Users/ike/Desktop/Purdue/2025-2026/AAE450/minos-1-orbits-cloud-arch/v2/good_results/dvega/dvega_batches/seed314/candidate_details/rank_041.json
seed2718,37,2030-03-28,2030-Mar-28 05:20:42.570974,2035-Oct-21 05:56:27.068297,2.070692831156,2.070692831156,14.999999999953,5.869442643017,5.566118605259,rank_037.json,/Users/ike/Desktop/Purdue/2025-2026/AAE450/minos-1-orbits-cloud-arch/v2/good_results/dvega/dvega_batches/seed2718/candidate_details/rank_037.json
seed314,43,2030-03-28,2030-Mar-28 05:20:35.872044,2035-Oct-21 05:55:37.929796,2.070692831156,2.070692831156,14.999999999972,5.869442939971,5.566117260430,rank_043.json,/Users/ike/Desktop/Purdue/2025-2026/AAE450/minos-1-orbits-cloud-arch/v2/good_results/dvega/dvega_batches/seed314/candidate_details/rank_043.json
seed314,42,2030-03-28,2030-Mar-28 05:20:46.624286,2035-Oct-21 05:59:05.358396,2.070692831156,2.070692831156,14.999999999978,5.869439323865,5.566123492728,rank_042.json,/Users/ike/Desktop/Purdue/2025-2026/AAE450/minos-1-orbits-cloud-arch/v2/good_results/dvega/dvega_batches/seed314/candidate_details/rank_042.json
seed2718,36,2030-03-28,2030-Mar-28 05:20:36.422274,2035-Oct-21 05:56:05.517277,2.070692831156,2.070692831156,14.999999999980,5.869442262205,5.566118117189,rank_036.json,/Users/ike/Desktop/Purdue/2025-2026/AAE450/minos-1-orbits-cloud-arch/v2/good_results/dvega/dvega_batches/seed2718/candidate_details/rank_036.json
seed2718,35,2030-03-28,2030-Mar-28 05:20:39.070610,2035-Oct-21 05:56:25.857037,2.070692831156,2.070692831156,14.999999999983,5.869442561552,5.566118677796,rank_035.json,/Users/ike/Desktop/Purdue/2025-2026/AAE450/minos-1-orbits-cloud-arch/v2/good_results/dvega/dvega_batches/seed2718/candidate_details/rank_035.json
seed2718,38,2030-03-28,2030-Mar-28 05:20:37.987705,2035-Oct-21 05:55:43.051789,2.070692831156,2.070692831156,14.999999999983,5.869443187687,5.566117355695,rank_038.json,/Users/ike/Desktop/Purdue/2025-2026/AAE450/minos-1-orbits-cloud-arch/v2/good_results/dvega/dvega_batches/seed2718/candidate_details/rank_038.json
seed2718,41,2030-03-28,2030-Mar-28 05:20:43.886905,2035-Oct-21 05:56:53.261019,2.070692831157,2.070692831157,14.999999999827,5.869441772793,5.566119393557,rank_041.json,/Users/ike/Desktop/Purdue/2025-2026/AAE450/minos-1-orbits-cloud-arch/v2/good_results/dvega/dvega_batches/seed2718/candidate_details/rank_041.json
seed2718,40,2030-03-28,2030-Mar-28 05:20:42.260174,2035-Oct-21 05:56:22.428378,2.070692831157,2.070692831157,14.999999999993,5.869442497712,5.566118468078,rank_040.json,/Users/ike/Desktop/Purdue/2025-2026/AAE450/minos-1-orbits-cloud-arch/v2/good_results/dvega/dvega_batches/seed2718/candidate_details/rank_040.json
seed314,45,2030-03-28,2030-Mar-28 05:20:43.600837,2035-Oct-21 05:58:41.005627,2.070692831157,2.070692831157,14.999999999994,5.869439550630,5.566122816843,rank_045.json,/Users/ike/Desktop/Purdue/2025-2026/AAE450/minos-1-orbits-cloud-arch/v2/good_results/dvega/dvega_batches/seed314/candidate_details/rank_045.json
seed314,44,2030-03-28,2030-Mar-28 05:20:35.853034,2035-Oct-21 05:55:55.397914,2.070692831157,2.070692831157,14.999999999998,5.869442944603,5.566117814564,rank_044.json,/Users/ike/Desktop/Purdue/2025-2026/AAE450/minos-1-orbits-cloud-arch/v2/good_results/dvega/dvega_batches/seed314/candidate_details/rank_044.json
seed2718,45,2030-03-28,2030-Mar-28 05:20:36.207294,2035-Oct-21 05:56:38.862914,2.070692831158,2.070692831158,14.999999999894,5.869441631086,5.566119180661,rank_045.json,/Users/ike/Desktop/Purdue/2025-2026/AAE450/minos-1-orbits-cloud-arch/v2/good_results/dvega/dvega_batches/seed2718/candidate_details/rank_045.json
seed2718,42,2030-03-28,2030-Mar-28 05:20:37.729755,2035-Oct-21 05:57:04.769593,2.070692831158,2.070692831158,14.999999999943,5.869441193213,5.566119953350,rank_042.json,/Users/ike/Desktop/Purdue/2025-2026/AAE450/minos-1-orbits-cloud-arch/v2/good_results/dvega/dvega_batches/seed2718/candidate_details/rank_042.json
seed2718,43,2030-03-28,2030-Mar-28 05:20:37.729755,2035-Oct-21 05:57:07.924662,2.070692831158,2.070692831158,14.999999999943,5.869441373805,5.566120053328,rank_043.json,/Users/ike/Desktop/Purdue/2025-2026/AAE450/minos-1-orbits-cloud-arch/v2/good_results/dvega/dvega_batches/seed2718/candidate_details/rank_043.json
seed2718,44,2030-03-28,2030-Mar-28 05:20:45.572786,2035-Oct-21 05:58:48.914722,2.070692831158,2.070692831158,14.999999999949,5.869439507184,5.566123004979,rank_044.json,/Users/ike/Desktop/Purdue/2025-2026/AAE450/minos-1-orbits-cloud-arch/v2/good_results/dvega/dvega_batches/seed2718/candidate_details/rank_044.json
seed2718,46,2030-03-28,2030-Mar-28 05:20:46.685891,2035-Oct-21 05:58:40.420904,2.070692831158,2.070692831158,14.999999999972,5.869439420156,5.566122700554,rank_046.json,/Users/ike/Desktop/Purdue/2025-2026/AAE450/minos-1-orbits-cloud-arch/v2/good_results/dvega/dvega_batches/seed2718/candidate_details/rank_046.json
seed2718,47,2030-03-28,2030-Mar-28 05:20:40.474799,2035-Oct-21 05:56:16.024401,2.070692831158,2.070692831158,14.999999999991,5.869442465681,5.566118321723,rank_047.json,/Users/ike/Desktop/Purdue/2025-2026/AAE450/minos-1-orbits-cloud-arch/v2/good_results/dvega/dvega_batches/seed2718/candidate_details/rank_047.json
seed2718,48,2030-03-28,2030-Mar-28 05:20:45.373872,2035-Oct-21 05:57:00.693254,2.070692831159,2.070692831159,14.999999999889,5.869441818128,5.566119581951,rank_048.json,/Users/ike/Desktop/Purdue/2025-2026/AAE450/minos-1-orbits-cloud-arch/v2/good_results/dvega/dvega_batches/seed2718/candidate_details/rank_048.json
seed314,47,2030-03-28,2030-Mar-28 05:20:44.988666,2035-Oct-21 05:58:04.546359,2.070692831159,2.070692831159,14.999999999947,5.869440915766,5.566121617540,rank_047.json,/Users/ike/Desktop/Purdue/2025-2026/AAE450/minos-1-orbits-cloud-arch/v2/good_results/dvega/dvega_batches/seed314/candidate_details/rank_047.json
seed2718,49,2030-03-28,2030-Mar-28 05:20:45.620035,2035-Oct-21 05:58:59.827852,2.070692831159,2.070692831159,14.999999999953,5.869438813299,5.566123349298,rank_049.json,/Users/ike/Desktop/Purdue/2025-2026/AAE450/minos-1-orbits-cloud-arch/v2/good_results/dvega/dvega_batches/seed2718/candidate_details/rank_049.json
seed314,46,2030-03-28,2030-Mar-28 05:20:37.146935,2035-Oct-21 05:57:21.142107,2.070692831159,2.070692831159,14.999999999990,5.869440699349,5.566120490632,rank_046.json,/Users/ike/Desktop/Purdue/2025-2026/AAE450/minos-1-orbits-cloud-arch/v2/good_results/dvega/dvega_batches/seed314/candidate_details/rank_046.json
seed314,48,2030-03-28,2030-Mar-28 05:20:43.571589,2035-Oct-21 05:57:51.271843,2.070692831159,2.070692831159,14.999999999997,5.869441199237,5.566121241801,rank_048.json,/Users/ike/Desktop/Purdue/2025-2026/AAE450/minos-1-orbits-cloud-arch/v2/good_results/dvega/dvega_batches/seed314/candidate_details/rank_048.json
seed2718,52,2030-03-28,2030-Mar-28 05:20:39.752814,2035-Oct-21 05:55:58.494072,2.070692831160,2.070692831160,14.999999999791,5.869442801298,5.566117789099,rank_052.json,/Users/ike/Desktop/Purdue/2025-2026/AAE450/minos-1-orbits-cloud-arch/v2/good_results/dvega/dvega_batches/seed2718/candidate_details/rank_052.json
seed2718,51,2030-03-28,2030-Mar-28 05:20:41.051666,2035-Oct-21 05:56:50.425779,2.070692831160,2.070692831160,14.999999999795,5.869441136313,5.566119393557,rank_051.json,/Users/ike/Desktop/Purdue/2025-2026/AAE450/minos-1-orbits-cloud-arch/v2/good_results/dvega/dvega_batches/seed2718/candidate_details/rank_051.json
seed314,49,2030-03-28,2030-Mar-28 05:20:43.203905,2035-Oct-21 05:58:39.201136,2.070692831160,2.070692831160,14.999999999986,5.869440029842,5.566122772240,rank_049.json,/Users/ike/Desktop/Purdue/2025-2026/AAE450/minos-1-orbits-cloud-arch/v2/good_results/dvega/dvega_batches/seed314/candidate_details/rank_049.json
seed2718,50,2030-03-28,2030-Mar-28 05:20:36.889809,2035-Oct-21 05:56:06.334861,2.070692831160,2.070692831160,14.999999999998,5.869442683650,5.566118128281,rank_050.json,/Users/ike/Desktop/Purdue/2025-2026/AAE450/minos-1-orbits-cloud-arch/v2/good_results/dvega/dvega_batches/seed2718/candidate_details/rank_050.json
seed2718,53,2030-03-28,2030-Mar-28 05:20:39.648351,2035-Oct-21 05:56:08.897871,2.070692831161,2.070692831161,14.999999999780,5.869442720886,5.566118122085,rank_053.json,/Users/ike/Desktop/Purdue/2025-2026/AAE450/minos-1-orbits-cloud-arch/v2/good_results/dvega/dvega_batches/seed2718/candidate_details/rank_053.json
seed314,50,2030-03-28,2030-Mar-28 05:20:46.886421,2035-Oct-21 05:58:06.545572,2.070692831161,2.070692831161,14.999999999961,5.869440565987,5.566121620755,rank_050.json,/Users/ike/Desktop/Purdue/2025-2026/AAE450/minos-1-orbits-cloud-arch/v2/good_results/dvega/dvega_batches/seed314/candidate_details/rank_050.json
seed2718,54,2030-03-28,2030-Mar-28 05:20:33.548916,2035-Oct-21 05:55:30.223412,2.070692831161,2.070692831161,14.999999999988,5.869443018148,5.566117089845,rank_054.json,/Users/ike/Desktop/Purdue/2025-2026/AAE450/minos-1-orbits-cloud-arch/v2/good_results/dvega/dvega_batches/seed2718/candidate_details/rank_054.json
seed2718,55,2030-03-28,2030-Mar-28 05:20:36.889809,2035-Oct-21 05:56:06.163524,2.070692831162,2.070692831162,14.999999999911,5.869442650171,5.566118122852,rank_055.json,/Users/ike/Desktop/Purdue/2025-2026/AAE450/minos-1-orbits-cloud-arch/v2/good_results/dvega/dvega_batches/seed2718/candidate_details/rank_055.json
seed2718,56,2030-03-28,2030-Mar-28 05:20:41.764386,2035-Oct-21 05:58:17.831734,2.070692831162,2.070692831162,14.999999999992,5.869440595199,5.566122140700,rank_056.json,/Users/ike/Desktop/Purdue/2025-2026/AAE450/minos-1-orbits-cloud-arch/v2/good_results/dvega/dvega_batches/seed2718/candidate_details/rank_056.json
seed314,51,2030-03-28,2030-Mar-28 05:20:34.101536,2035-Oct-21 05:55:07.852465,2.070692831162,2.070692831162,14.999999999995,5.869443211699,5.566116363441,rank_051.json,/Users/ike/Desktop/Purdue/2025-2026/AAE450/minos-1-orbits-cloud-arch/v2/good_results/dvega/dvega_batches/seed314/candidate_details/rank_051.json
seed2718,58,2030-03-28,2030-Mar-28 05:20:42.260174,2035-Oct-21 05:56:22.428378,2.070692831163,2.070692831163,14.999999999730,5.869442527729,5.566118468078,rank_058.json,/Users/ike/Desktop/Purdue/2025-2026/AAE450/minos-1-orbits-cloud-arch/v2/good_results/dvega/dvega_batches/seed2718/candidate_details/rank_058.json
seed2718,57,2030-03-28,2030-Mar-28 05:20:32.941294,2035-Oct-21 05:55:17.087373,2.070692831163,2.070692831163,14.999999999986,5.869443330698,5.566116692844,rank_057.json,/Users/ike/Desktop/Purdue/2025-2026/AAE450/minos-1-orbits-cloud-arch/v2/good_results/dvega/dvega_batches/seed2718/candidate_details/rank_057.json
seed2718,60,2030-03-28,2030-Mar-28 05:20:40.474799,2035-Oct-21 05:56:06.872960,2.070692831164,2.070692831164,14.999999999971,5.869442772288,5.566118031731,rank_060.json,/Users/ike/Desktop/Purdue/2025-2026/AAE450/minos-1-orbits-cloud-arch/v2/good_results/dvega/dvega_batches/seed2718/candidate_details/rank_060.json
seed314,52,2030-03-28,2030-Mar-28 05:20:39.539258,2035-Oct-21 05:56:21.469425,2.070692831164,2.070692831164,14.999999999995,5.869442775868,5.566118523911,rank_052.json,/Users/ike/Desktop/Purdue/2025-2026/AAE450/minos-1-orbits-cloud-arch/v2/good_results/dvega/dvega_batches/seed314/candidate_details/rank_052.json
seed2718,59,2030-03-28,2030-Mar-28 05:20:37.044742,2035-Oct-21 05:56:11.180185,2.070692831164,2.070692831164,15.000000000000,5.869442213126,5.566118276911,rank_059.json,/Users/ike/Desktop/Purdue/2025-2026/AAE450/minos-1-orbits-cloud-arch/v2/good_results/dvega/dvega_batches/seed2718/candidate_details/rank_059.json
seed2718,61,2030-03-28,2030-Mar-28 05:20:45.367584,2035-Oct-21 05:59:00.446391,2.070692831166,2.070692831166,14.999999999895,5.869438797606,5.566123376898,rank_061.json,/Users/ike/Desktop/Purdue/2025-2026/AAE450/minos-1-orbits-cloud-arch/v2/good_results/dvega/dvega_batches/seed2718/candidate_details/rank_061.json
seed314,54,2030-03-28,2030-Mar-28 05:20:36.613745,2035-Oct-21 05:57:10.666130,2.070692831167,2.070692831167,14.999999999960,5.869440417239,5.566120175564,rank_054.json,/Users/ike/Desktop/Purdue/2025-2026/AAE450/minos-1-orbits-cloud-arch/v2/good_results/dvega/dvega_batches/seed314/candidate_details/rank_054.json
seed2718,62,2030-03-28,2030-Mar-28 05:20:35.279179,2035-Oct-21 05:54:42.196764,2.070692831167,2.070692831167,14.999999999976,5.869444619331,5.566115513144,rank_062.json,/Users/ike/Desktop/Purdue/2025-2026/AAE450/minos-1-orbits-cloud-arch/v2/good_results/dvega/dvega_batches/seed2718/candidate_details/rank_062.json
seed314,53,2030-03-28,2030-Mar-28 05:20:42.783394,2035-Oct-21 05:57:01.085187,2.070692831167,2.070692831167,14.999999999999,5.869442663770,5.566119676458,rank_053.json,/Users/ike/Desktop/Purdue/2025-2026/AAE450/minos-1-orbits-cloud-arch/v2/good_results/dvega/dvega_batches/seed314/candidate_details/rank_053.json
seed2718,64,2030-03-28,2030-Mar-28 05:20:36.583120,2035-Oct-21 05:55:00.819088,2.070692831168,2.070692831168,14.999999999977,5.869444455924,5.566116061930,rank_064.json,/Users/ike/Desktop/Purdue/2025-2026/AAE450/minos-1-orbits-cloud-arch/v2/good_results/dvega/dvega_batches/seed2718/candidate_details/rank_064.json
seed2718,63,2030-03-28,2030-Mar-28 05:20:39.299660,2035-Oct-21 05:57:20.789235,2.070692831168,2.070692831168,14.999999999998,5.869441323322,5.566120411235,rank_063.json,/Users/ike/Desktop/Purdue/2025-2026/AAE450/minos-1-orbits-cloud-arch/v2/good_results/dvega/dvega_batches/seed2718/candidate_details/rank_063.json
seed2718,65,2030-03-28,2030-Mar-28 05:20:38.782869,2035-Oct-21 05:57:09.573963,2.070692831169,2.070692831169,14.999999999959,5.869442276575,5.566120072220,rank_065.json,/Users/ike/Desktop/Purdue/2025-2026/AAE450/minos-1-orbits-cloud-arch/v2/good_results/dvega/dvega_batches/seed2718/candidate_details/rank_065.json
seed314,55,2030-03-28,2030-Mar-28 05:20:39.015331,2035-Oct-21 05:58:29.423493,2.070692831171,2.070692831171,14.999999999995,5.869438891310,5.566122595133,rank_055.json,/Users/ike/Desktop/Purdue/2025-2026/AAE450/minos-1-orbits-cloud-arch/v2/good_results/dvega/dvega_batches/seed314/candidate_details/rank_055.json
seed2718,66,2030-03-28,2030-Mar-28 05:20:46.124978,2035-Oct-21 05:58:42.899912,2.070692831172,2.070692831172,14.999999999854,5.869439669636,5.566122796884,rank_066.json,/Users/ike/Desktop/Purdue/2025-2026/AAE450/minos-1-orbits-cloud-arch/v2/good_results/dvega/dvega_batches/seed2718/candidate_details/rank_066.json
seed2718,67,2030-03-28,2030-Mar-28 05:20:47.024063,2035-Oct-21 05:57:25.293041,2.070692831172,2.070692831172,14.999999999977,5.869440683109,5.566120309180,rank_067.json,/Users/ike/Desktop/Purdue/2025-2026/AAE450/minos-1-orbits-cloud-arch/v2/good_results/dvega/dvega_batches/seed2718/candidate_details/rank_067.json
seed314,56,2030-03-28,2030-Mar-28 05:20:40.429402,2035-Oct-21 05:56:09.417141,2.070692831173,2.070692831173,14.999999999989,5.869443094995,5.566118113790,rank_056.json,/Users/ike/Desktop/Purdue/2025-2026/AAE450/minos-1-orbits-cloud-arch/v2/good_results/dvega/dvega_batches/seed314/candidate_details/rank_056.json
seed2718,68,2030-03-28,2030-Mar-28 05:20:40.818042,2035-Oct-21 05:56:41.745120,2.070692831175,2.070692831175,14.999999999959,5.869443174412,5.566119125887,rank_068.json,/Users/ike/Desktop/Purdue/2025-2026/AAE450/minos-1-orbits-cloud-arch/v2/good_results/dvega/dvega_batches/seed2718/candidate_details/rank_068.json
seed2718,69,2030-03-28,2030-Mar-28 05:20:33.148906,2035-Oct-21 05:55:57.240288,2.070692831176,2.070692831176,14.999999999998,5.869442457843,5.566117958634,rank_069.json,/Users/ike/Desktop/Purdue/2025-2026/AAE450/minos-1-orbits-cloud-arch/v2/good_results/dvega/dvega_batches/seed2718/candidate_details/rank_069.json
seed2718,70,2030-03-28,2030-Mar-28 05:20:32.224377,2035-Oct-21 05:54:57.551108,2.070692831177,2.070692831177,14.999999999907,5.869444115969,5.566116096494,rank_070.json,/Users/ike/Desktop/Purdue/2025-2026/AAE450/minos-1-orbits-cloud-arch/v2/good_results/dvega/dvega_batches/seed2718/candidate_details/rank_070.json
seed2718,71,2030-03-28,2030-Mar-28 05:20:43.846707,2035-Oct-21 06:00:02.297211,2.070692831178,2.070692831178,14.999999999972,5.869437015344,5.566125385026,rank_071.json,/Users/ike/Desktop/Purdue/2025-2026/AAE450/minos-1-orbits-cloud-arch/v2/good_results/dvega/dvega_batches/seed2718/candidate_details/rank_071.json
seed2718,72,2030-03-28,2030-Mar-28 05:20:32.548667,2035-Oct-21 05:55:29.702522,2.070692831179,2.070692831179,14.999999999950,5.869443273795,5.566117105035,rank_072.json,/Users/ike/Desktop/Purdue/2025-2026/AAE450/minos-1-orbits-cloud-arch/v2/good_results/dvega/dvega_batches/seed2718/candidate_details/rank_072.json
seed2718,73,2030-03-28,2030-Mar-28 05:20:39.299660,2035-Oct-21 05:57:13.876517,2.070692831179,2.070692831179,14.999999999998,5.869439666062,5.566120192184,rank_073.json,/Users/ike/Desktop/Purdue/2025-2026/AAE450/minos-1-orbits-cloud-arch/v2/good_results/dvega/dvega_batches/seed2718/candidate_details/rank_073.json
seed2718,74,2030-03-28,2030-Mar-28 05:20:33.729473,2035-Oct-21 05:52:51.564216,2.070692831184,2.070692831184,14.999999999980,5.869446146758,5.566112056517,rank_074.json,/Users/ike/Desktop/Purdue/2025-2026/AAE450/minos-1-orbits-cloud-arch/v2/good_results/dvega/dvega_batches/seed2718/candidate_details/rank_074.json
seed2718,75,2030-03-28,2030-Mar-28 05:20:39.365281,2035-Oct-21 05:56:54.174803,2.070692831185,2.070692831185,14.999999999558,5.869441848936,5.566119565795,rank_075.json,/Users/ike/Desktop/Purdue/2025-2026/AAE450/minos-1-orbits-cloud-arch/v2/good_results/dvega/dvega_batches/seed2718/candidate_details/rank_075.json
seed2718,76,2030-03-28,2030-Mar-28 05:20:48.764233,2035-Oct-21 05:56:05.673208,2.070692831185,2.070692831185,14.999999999988,5.869443313982,5.566117731037,rank_076.json,/Users/ike/Desktop/Purdue/2025-2026/AAE450/minos-1-orbits-cloud-arch/v2/good_results/dvega/dvega_batches/seed2718/candidate_details/rank_076.json
seed2718,77,2030-03-28,2030-Mar-28 05:20:33.548916,2035-Oct-21 05:54:44.977140,2.070692831188,2.070692831188,14.999999999966,5.869444361139,5.566115656077,rank_077.json,/Users/ike/Desktop/Purdue/2025-2026/AAE450/minos-1-orbits-cloud-arch/v2/good_results/dvega/dvega_batches/seed2718/candidate_details/rank_077.json
seed2718,79,2030-03-28,2030-Mar-28 05:20:40.554605,2035-Oct-21 05:58:39.260326,2.070692831189,2.070692831189,14.999999999987,5.869440387888,5.566122858067,rank_079.json,/Users/ike/Desktop/Purdue/2025-2026/AAE450/minos-1-orbits-cloud-arch/v2/good_results/dvega/dvega_batches/seed2718/candidate_details/rank_079.json
seed2718,78,2030-03-28,2030-Mar-28 05:20:47.277117,2035-Oct-21 06:01:16.768200,2.070692831189,2.070692831189,14.999999999991,5.869436680246,5.566127636166,rank_078.json,/Users/ike/Desktop/Purdue/2025-2026/AAE450/minos-1-orbits-cloud-arch/v2/good_results/dvega/dvega_batches/seed2718/candidate_details/rank_078.json
seed314,57,2030-03-28,2030-Mar-28 05:20:40.708048,2035-Oct-21 05:59:58.093249,2.070692831191,2.070692831191,14.999999999998,5.869437665735,5.566125351269,rank_057.json,/Users/ike/Desktop/Purdue/2025-2026/AAE450/minos-1-orbits-cloud-arch/v2/good_results/dvega/dvega_batches/seed314/candidate_details/rank_057.json
seed2718,80,2030-03-28,2030-Mar-28 05:20:47.277117,2035-Oct-21 06:01:16.768200,2.070692831192,2.070692831192,14.999999999955,5.869436481671,5.566127636166,rank_080.json,/Users/ike/Desktop/Purdue/2025-2026/AAE450/minos-1-orbits-cloud-arch/v2/good_results/dvega/dvega_batches/seed2718/candidate_details/rank_080.json
seed2718,81,2030-03-28,2030-Mar-28 05:20:47.941948,2035-Oct-21 06:01:37.212047,2.070692831194,2.070692831194,14.999999999961,5.869436079269,5.566128262926,rank_081.json,/Users/ike/Desktop/Purdue/2025-2026/AAE450/minos-1-orbits-cloud-arch/v2/good_results/dvega/dvega_batches/seed2718/candidate_details/rank_081.json
seed2718,82,2030-03-28,2030-Mar-28 05:20:33.187126,2035-Oct-21 05:57:03.991913,2.070692831195,2.070692831195,15.000000000000,5.869442343111,5.566120072654,rank_082.json,/Users/ike/Desktop/Purdue/2025-2026/AAE450/minos-1-orbits-cloud-arch/v2/good_results/dvega/dvega_batches/seed2718/candidate_details/rank_082.json
seed2718,83,2030-03-28,2030-Mar-28 05:20:40.480380,2035-Oct-21 05:55:45.494412,2.070692831196,2.070692831196,14.999999999998,5.869442746771,5.566117354109,rank_083.json,/Users/ike/Desktop/Purdue/2025-2026/AAE450/minos-1-orbits-cloud-arch/v2/good_results/dvega/dvega_batches/seed2718/candidate_details/rank_083.json
seed2718,84,2030-03-28,2030-Mar-28 05:20:26.387814,2035-Oct-21 05:53:08.312220,2.070692831202,2.070692831202,14.999999999996,5.869445721939,5.566112819872,rank_084.json,/Users/ike/Desktop/Purdue/2025-2026/AAE450/minos-1-orbits-cloud-arch/v2/good_results/dvega/dvega_batches/seed2718/candidate_details/rank_084.json
seed2718,85,2030-03-28,2030-Mar-28 05:20:43.712930,2035-Oct-21 05:55:42.277485,2.070692831203,2.070692831203,14.999999999832,5.869444696251,5.566117149737,rank_085.json,/Users/ike/Desktop/Purdue/2025-2026/AAE450/minos-1-orbits-cloud-arch/v2/good_results/dvega/dvega_batches/seed2718/candidate_details/rank_085.json
seed2718,86,2030-03-28,2030-Mar-28 05:20:33.187126,2035-Oct-21 05:58:31.936104,2.070692831211,2.070692831211,15.000000000000,5.869439589259,5.566122859437,rank_086.json,/Users/ike/Desktop/Purdue/2025-2026/AAE450/minos-1-orbits-cloud-arch/v2/good_results/dvega/dvega_batches/seed2718/candidate_details/rank_086.json
seed314,58,2030-03-28,2030-Mar-28 05:20:56.022495,2035-Oct-21 06:01:46.741666,2.070692831213,2.070692831213,14.999999999997,5.869436018979,5.566128308844,rank_058.json,/Users/ike/Desktop/Purdue/2025-2026/AAE450/minos-1-orbits-cloud-arch/v2/good_results/dvega/dvega_batches/seed314/candidate_details/rank_058.json
seed314,59,2030-03-28,2030-Mar-28 05:20:34.553249,2035-Oct-21 05:59:45.418097,2.070692831218,2.070692831218,14.999999999999,5.869437541816,5.566125144651,rank_059.json,/Users/ike/Desktop/Purdue/2025-2026/AAE450/minos-1-orbits-cloud-arch/v2/good_results/dvega/dvega_batches/seed314/candidate_details/rank_059.json
seed2718,87,2030-03-28,2030-Mar-28 05:20:31.241654,2035-Oct-21 05:56:46.608582,2.070692831223,2.070692831223,14.999999999942,5.869442514556,5.566119583458,rank_087.json,/Users/ike/Desktop/Purdue/2025-2026/AAE450/minos-1-orbits-cloud-arch/v2/good_results/dvega/dvega_batches/seed2718/candidate_details/rank_087.json
seed2718,88,2030-03-28,2030-Mar-28 05:20:33.693394,2035-Oct-21 05:58:44.213244,2.070692831227,2.070692831227,14.999999999973,5.869439407448,5.566123232434,rank_088.json,/Users/ike/Desktop/Purdue/2025-2026/AAE450/minos-1-orbits-cloud-arch/v2/good_results/dvega/dvega_batches/seed2718/candidate_details/rank_088.json
seed2718,89,2030-03-28,2030-Mar-28 05:20:59.263653,2035-Oct-21 05:59:03.860484,2.070692831230,2.070692831230,14.999999999990,5.869440709302,5.566123044745,rank_089.json,/Users/ike/Desktop/Purdue/2025-2026/AAE450/minos-1-orbits-cloud-arch/v2/good_results/dvega/dvega_batches/seed2718/candidate_details/rank_089.json
seed2718,90,2030-03-28,2030-Mar-28 05:20:59.263653,2035-Oct-21 05:59:03.860484,2.070692831237,2.070692831237,14.999999999918,5.869441046252,5.566123044745,rank_090.json,/Users/ike/Desktop/Purdue/2025-2026/AAE450/minos-1-orbits-cloud-arch/v2/good_results/dvega/dvega_batches/seed2718/candidate_details/rank_090.json
seed314,60,2030-03-28,2030-Mar-28 05:20:20.813125,2035-Oct-21 05:53:22.351000,2.070692831240,2.070692831240,14.999999999996,5.869445303455,5.566113441386,rank_060.json,/Users/ike/Desktop/Purdue/2025-2026/AAE450/minos-1-orbits-cloud-arch/v2/good_results/dvega/dvega_batches/seed314/candidate_details/rank_060.json
seed2718,91,2030-03-28,2030-Mar-28 05:20:20.302605,2035-Oct-21 05:54:45.161735,2.070692831254,2.070692831254,14.999999999988,5.869442778471,5.566116081677,rank_091.json,/Users/ike/Desktop/Purdue/2025-2026/AAE450/minos-1-orbits-cloud-arch/v2/good_results/dvega/dvega_batches/seed2718/candidate_details/rank_091.json
seed2718,92,2030-03-28,2030-Mar-28 05:20:35.281554,2035-Oct-21 05:59:11.361783,2.070692831257,2.070692831257,14.999999999998,5.869440294902,5.566124042393,rank_092.json,/Users/ike/Desktop/Purdue/2025-2026/AAE450/minos-1-orbits-cloud-arch/v2/good_results/dvega/dvega_batches/seed2718/candidate_details/rank_092.json
seed2718,93,2030-03-28,2030-Mar-28 05:20:20.302605,2035-Oct-21 05:54:45.161735,2.070692831261,2.070692831261,14.999999999795,5.869442682707,5.566116081677,rank_093.json,/Users/ike/Desktop/Purdue/2025-2026/AAE450/minos-1-orbits-cloud-arch/v2/good_results/dvega/dvega_batches/seed2718/candidate_details/rank_093.json
seed2718,94,2030-03-28,2030-Mar-28 05:20:35.281554,2035-Oct-21 05:59:39.178525,2.070692831264,2.070692831264,14.999999999997,5.869439387068,5.566124923853,rank_094.json,/Users/ike/Desktop/Purdue/2025-2026/AAE450/minos-1-orbits-cloud-arch/v2/good_results/dvega/dvega_batches/seed2718/candidate_details/rank_094.json
seed2718,95,2030-03-28,2030-Mar-28 05:20:30.831517,2035-Oct-21 05:54:52.733998,2.070692831272,2.070692831272,14.999999999967,5.869444611523,5.566115987986,rank_095.json,/Users/ike/Desktop/Purdue/2025-2026/AAE450/minos-1-orbits-cloud-arch/v2/good_results/dvega/dvega_batches/seed2718/candidate_details/rank_095.json
seed2718,96,2030-03-28,2030-Mar-28 05:20:56.614472,2035-Oct-21 06:00:55.664796,2.070692831275,2.070692831275,14.999999999965,5.869438710740,5.566126671557,rank_096.json,/Users/ike/Desktop/Purdue/2025-2026/AAE450/minos-1-orbits-cloud-arch/v2/good_results/dvega/dvega_batches/seed2718/candidate_details/rank_096.json
seed2718,97,2030-03-28,2030-Mar-28 05:20:56.614472,2035-Oct-21 06:00:55.664796,2.070692831277,2.070692831277,14.999999999871,5.869438710772,5.566126671557,rank_097.json,/Users/ike/Desktop/Purdue/2025-2026/AAE450/minos-1-orbits-cloud-arch/v2/good_results/dvega/dvega_batches/seed2718/candidate_details/rank_097.json
seed2718,98,2030-03-28,2030-Mar-28 05:20:23.095750,2035-Oct-21 05:54:13.471620,2.070692831277,2.070692831277,14.999999999986,5.869441986014,5.566114988968,rank_098.json,/Users/ike/Desktop/Purdue/2025-2026/AAE450/minos-1-orbits-cloud-arch/v2/good_results/dvega/dvega_batches/seed2718/candidate_details/rank_098.json
seed2718,99,2030-03-28,2030-Mar-28 05:20:28.516181,2035-Oct-21 05:53:34.122779,2.070692831293,2.070692831293,14.999999999889,5.869447893711,5.566113570316,rank_099.json,/Users/ike/Desktop/Purdue/2025-2026/AAE450/minos-1-orbits-cloud-arch/v2/good_results/dvega/dvega_batches/seed2718/candidate_details/rank_099.json
seed2718,100,2030-03-28,2030-Mar-28 05:20:41.900878,2035-Oct-21 05:52:48.369307,2.070692831301,2.070692831301,14.999999999967,5.869446021001,5.566111696340,rank_100.json,/Users/ike/Desktop/Purdue/2025-2026/AAE450/minos-1-orbits-cloud-arch/v2/good_results/dvega/dvega_batches/seed2718/candidate_details/rank_100.json
seed314,61,2030-03-28,2030-Mar-28 05:20:55.155736,2035-Oct-21 06:02:45.307576,2.070692831306,2.070692831306,14.999999999999,5.869434396419,5.566130192151,rank_061.json,/Users/ike/Desktop/Purdue/2025-2026/AAE450/minos-1-orbits-cloud-arch/v2/good_results/dvega/dvega_batches/seed314/candidate_details/rank_061.json
seed314,62,2030-03-28,2030-Mar-28 05:20:04.643812,2035-Oct-21 05:47:46.447416,2.070692831405,2.070692831405,14.999999999999,5.869450783291,5.566103309618,rank_062.json,/Users/ike/Desktop/Purdue/2025-2026/AAE450/minos-1-orbits-cloud-arch/v2/good_results/dvega/dvega_batches/seed314/candidate_details/rank_062.json
seed314,63,2030-03-28,2030-Mar-28 05:19:55.103684,2035-Oct-21 05:48:45.094137,2.070692831919,2.070692831919,14.999999999986,5.869450541106,5.566105470329,rank_063.json,/Users/ike/Desktop/Purdue/2025-2026/AAE450/minos-1-orbits-cloud-arch/v2/good_results/dvega/dvega_batches/seed314/candidate_details/rank_063.json
seed314,64,2030-03-28,2030-Mar-28 05:18:45.399347,2035-Oct-21 06:34:50.174135,2.070692946713,2.070692946713,14.999998483649,5.869373166497,5.566195299224,rank_064.json,/Users/ike/Desktop/Purdue/2025-2026/AAE450/minos-1-orbits-cloud-arch/v2/good_results/dvega/dvega_batches/seed314/candidate_details/rank_064.json
seed314,65,2030-03-28,2030-Mar-28 05:19:20.000865,2035-Oct-21 04:53:59.289720,2.070692956725,2.070692956725,14.999999979344,5.869412383767,5.566002461811,rank_065.json,/Users/ike/Desktop/Purdue/2025-2026/AAE450/minos-1-orbits-cloud-arch/v2/good_results/dvega/dvega_batches/seed314/candidate_details/rank_065.json
seed314,66,2030-03-28,2030-Mar-28 05:18:42.863431,2035-Oct-21 04:09:53.132243,2.070692975341,2.070692975341,14.999999946872,5.869553045370,5.565919786955,rank_066.json,/Users/ike/Desktop/Purdue/2025-2026/AAE450/minos-1-orbits-cloud-arch/v2/good_results/dvega/dvega_batches/seed314/candidate_details/rank_066.json
seed314,67,2030-03-28,2030-Mar-28 05:21:56.713620,2035-Oct-21 05:32:56.692050,2.070692994181,2.070692994181,14.999999612481,5.869367024659,5.566071563694,rank_067.json,/Users/ike/Desktop/Purdue/2025-2026/AAE450/minos-1-orbits-cloud-arch/v2/good_results/dvega/dvega_batches/seed314/candidate_details/rank_067.json
seed314,68,2030-03-28,2030-Mar-28 05:18:36.325447,2035-Oct-21 03:14:40.327979,2.070693003707,2.070693003707,14.999999893263,5.869611958608,5.565815017699,rank_068.json,/Users/ike/Desktop/Purdue/2025-2026/AAE450/minos-1-orbits-cloud-arch/v2/good_results/dvega/dvega_batches/seed314/candidate_details/rank_068.json
seed314,69,2030-03-28,2030-Mar-28 05:22:41.194562,2035-Oct-21 08:44:59.954643,2.070693018222,2.070693018222,14.999999892672,5.869167420878,5.566435304335,rank_069.json,/Users/ike/Desktop/Purdue/2025-2026/AAE450/minos-1-orbits-cloud-arch/v2/good_results/dvega/dvega_batches/seed314/candidate_details/rank_069.json
seed314,70,2030-03-28,2030-Mar-28 05:21:24.611928,2035-Oct-21 06:29:45.931898,2.070693136531,2.070693136531,14.999999796650,5.869311538399,5.566180613227,rank_070.json,/Users/ike/Desktop/Purdue/2025-2026/AAE450/minos-1-orbits-cloud-arch/v2/good_results/dvega/dvega_batches/seed314/candidate_details/rank_070.json
seed314,71,2030-03-28,2030-Mar-28 05:27:17.608452,2035-Oct-21 06:45:12.048415,2.070693178664,2.070693178664,14.999999891016,5.869334479726,5.566198774304,rank_071.json,/Users/ike/Desktop/Purdue/2025-2026/AAE450/minos-1-orbits-cloud-arch/v2/good_results/dvega/dvega_batches/seed314/candidate_details/rank_071.json
seed314,72,2030-03-28,2030-Mar-28 05:12:57.991463,2035-Oct-21 04:12:18.702502,2.070693194474,2.070693194474,14.999999954608,5.869381419585,5.565935328131,rank_072.json,/Users/ike/Desktop/Purdue/2025-2026/AAE450/minos-1-orbits-cloud-arch/v2/good_results/dvega/dvega_batches/seed314/candidate_details/rank_072.json
seed314,73,2030-03-28,2030-Mar-28 05:23:15.884499,2035-Oct-21 11:23:51.236488,2.070693215490,2.070693215490,14.999999893715,5.868992852239,5.566736233173,rank_073.json,/Users/ike/Desktop/Purdue/2025-2026/AAE450/minos-1-orbits-cloud-arch/v2/good_results/dvega/dvega_batches/seed314/candidate_details/rank_073.json
seed314,74,2030-03-28,2030-Mar-28 05:29:07.856567,2035-Oct-21 06:41:41.986249,2.070693234633,2.070693234633,14.999998160256,5.869272812006,5.566188624283,rank_074.json,/Users/ike/Desktop/Purdue/2025-2026/AAE450/minos-1-orbits-cloud-arch/v2/good_results/dvega/dvega_batches/seed314/candidate_details/rank_074.json
seed314,75,2030-03-28,2030-Mar-28 05:42:46.958595,2035-Oct-21 09:52:25.557870,2.070693273110,2.070693273110,14.999999907804,5.869233537699,5.566525293409,rank_075.json,/Users/ike/Desktop/Purdue/2025-2026/AAE450/minos-1-orbits-cloud-arch/v2/good_results/dvega/dvega_batches/seed314/candidate_details/rank_075.json
seed314,76,2030-03-28,2030-Mar-28 05:33:10.070048,2035-Oct-21 07:19:11.002751,2.070693278955,2.070693278955,14.999999907689,5.869524080428,5.566252216034,rank_076.json,/Users/ike/Desktop/Purdue/2025-2026/AAE450/minos-1-orbits-cloud-arch/v2/good_results/dvega/dvega_batches/seed314/candidate_details/rank_076.json
seed314,77,2030-03-28,2030-Mar-28 05:25:56.845848,2035-Oct-21 06:54:31.348379,2.070693375769,2.070693375769,14.999998556152,5.869211282017,5.566219056662,rank_077.json,/Users/ike/Desktop/Purdue/2025-2026/AAE450/minos-1-orbits-cloud-arch/v2/good_results/dvega/dvega_batches/seed314/candidate_details/rank_077.json
seed314,78,2030-03-28,2030-Mar-28 05:45:06.473019,2035-Oct-21 10:08:46.387540,2.070693456107,2.070693456107,14.999999063916,5.869225695912,5.566551953080,rank_078.json,/Users/ike/Desktop/Purdue/2025-2026/AAE450/minos-1-orbits-cloud-arch/v2/good_results/dvega/dvega_batches/seed314/candidate_details/rank_078.json
seed314,79,2030-03-28,2030-Mar-28 05:30:19.406144,2035-Oct-21 04:25:44.676985,2.070693487276,2.070693487276,14.999999544358,5.869543814294,5.565927867482,rank_079.json,/Users/ike/Desktop/Purdue/2025-2026/AAE450/minos-1-orbits-cloud-arch/v2/good_results/dvega/dvega_batches/seed314/candidate_details/rank_079.json
seed314,80,2030-03-28,2030-Mar-28 05:20:29.320231,2035-Oct-21 10:35:44.449069,2.070693544863,2.070693544863,14.999999880922,5.869096327455,5.566650034503,rank_080.json,/Users/ike/Desktop/Purdue/2025-2026/AAE450/minos-1-orbits-cloud-arch/v2/good_results/dvega/dvega_batches/seed314/candidate_details/rank_080.json
seed314,81,2030-03-28,2030-Mar-28 05:08:49.171059,2035-Oct-21 03:53:28.010196,2.070693546188,2.070693546188,14.999999452378,5.869450291886,5.565907383297,rank_081.json,/Users/ike/Desktop/Purdue/2025-2026/AAE450/minos-1-orbits-cloud-arch/v2/good_results/dvega/dvega_batches/seed314/candidate_details/rank_081.json
seed314,82,2030-03-28,2030-Mar-28 04:56:52.671471,2035-Oct-20 20:00:15.617481,2.070693568818,2.070693568818,14.999999807784,5.870102330742,5.565030387165,rank_082.json,/Users/ike/Desktop/Purdue/2025-2026/AAE450/minos-1-orbits-cloud-arch/v2/good_results/dvega/dvega_batches/seed314/candidate_details/rank_082.json
seed314,83,2030-03-28,2030-Mar-28 05:08:49.171059,2035-Oct-21 03:53:28.010196,2.070693580043,2.070693580043,14.999999452378,5.869447912421,5.565907383297,rank_083.json,/Users/ike/Desktop/Purdue/2025-2026/AAE450/minos-1-orbits-cloud-arch/v2/good_results/dvega/dvega_batches/seed314/candidate_details/rank_083.json
seed314,84,2030-03-28,2030-Mar-28 05:02:17.755941,2035-Oct-20 20:33:37.416651,2.070693598169,2.070693598169,14.999999804902,5.870125519302,5.565083519048,rank_084.json,/Users/ike/Desktop/Purdue/2025-2026/AAE450/minos-1-orbits-cloud-arch/v2/good_results/dvega/dvega_batches/seed314/candidate_details/rank_084.json
seed314,85,2030-03-28,2030-Mar-28 05:16:25.755349,2035-Oct-21 03:45:00.752468,2.070693603280,2.070693603280,14.999999846416,5.869387274496,5.565876840987,rank_085.json,/Users/ike/Desktop/Purdue/2025-2026/AAE450/minos-1-orbits-cloud-arch/v2/good_results/dvega/dvega_batches/seed314/candidate_details/rank_085.json
seed314,86,2030-03-28,2030-Mar-28 05:11:51.043298,2035-Oct-21 05:37:48.292591,2.070693659713,2.070693659713,14.999999907595,5.869272165054,5.566099996492,rank_086.json,/Users/ike/Desktop/Purdue/2025-2026/AAE450/minos-1-orbits-cloud-arch/v2/good_results/dvega/dvega_batches/seed314/candidate_details/rank_086.json
seed314,87,2030-03-28,2030-Mar-28 05:14:19.483212,2035-Oct-21 09:23:51.558553,2.070693716769,2.070693716769,14.999999577169,5.869093795898,5.566525086678,rank_087.json,/Users/ike/Desktop/Purdue/2025-2026/AAE450/minos-1-orbits-cloud-arch/v2/good_results/dvega/dvega_batches/seed314/candidate_details/rank_087.json
seed314,88,2030-03-28,2030-Mar-28 05:33:59.809649,2035-Oct-21 12:52:39.111323,2.070693720981,2.070693720981,14.999999876435,5.868905618107,5.566884658582,rank_088.json,/Users/ike/Desktop/Purdue/2025-2026/AAE450/minos-1-orbits-cloud-arch/v2/good_results/dvega/dvega_batches/seed314/candidate_details/rank_088.json
seed314,89,2030-03-28,2030-Mar-28 05:29:47.793732,2035-Oct-21 04:11:50.635508,2.070693778323,2.070693778323,14.999998678158,5.869614835500,5.565902440039,rank_089.json,/Users/ike/Desktop/Purdue/2025-2026/AAE450/minos-1-orbits-cloud-arch/v2/good_results/dvega/dvega_batches/seed314/candidate_details/rank_089.json
seed314,90,2030-03-28,2030-Mar-28 05:28:40.700459,2035-Oct-21 04:25:03.258872,2.070694082186,2.070694082186,14.999999107623,5.869424423880,5.565929682815,rank_090.json,/Users/ike/Desktop/Purdue/2025-2026/AAE450/minos-1-orbits-cloud-arch/v2/good_results/dvega/dvega_batches/seed314/candidate_details/rank_090.json
seed314,91,2030-03-28,2030-Mar-28 05:19:23.362908,2035-Oct-20 20:28:01.657567,2.070694340489,2.070694340489,14.999999765943,5.870096183430,5.565040379961,rank_091.json,/Users/ike/Desktop/Purdue/2025-2026/AAE450/minos-1-orbits-cloud-arch/v2/good_results/dvega/dvega_batches/seed314/candidate_details/rank_091.json
seed314,92,2030-03-28,2030-Mar-28 05:38:19.579151,2035-Oct-21 07:43:36.729576,2.070694378683,2.070694378683,14.999999220385,5.869450246329,5.566288854362,rank_092.json,/Users/ike/Desktop/Purdue/2025-2026/AAE450/minos-1-orbits-cloud-arch/v2/good_results/dvega/dvega_batches/seed314/candidate_details/rank_092.json
seed314,93,2030-03-28,2030-Mar-28 05:26:01.865955,2035-Oct-21 05:33:15.640666,2.070694443334,2.070694443334,14.999999992089,5.869294064657,5.566064395731,rank_093.json,/Users/ike/Desktop/Purdue/2025-2026/AAE450/minos-1-orbits-cloud-arch/v2/good_results/dvega/dvega_batches/seed314/candidate_details/rank_093.json
seed314,94,2030-03-28,2030-Mar-28 05:26:23.529973,2035-Oct-21 07:19:31.308088,2.070694479837,2.070694479837,14.999999769971,5.869454679242,5.566265741949,rank_094.json,/Users/ike/Desktop/Purdue/2025-2026/AAE450/minos-1-orbits-cloud-arch/v2/good_results/dvega/dvega_batches/seed314/candidate_details/rank_094.json
seed314,95,2030-03-28,2030-Mar-28 04:56:30.069205,2035-Oct-21 10:35:15.041822,2.070694496153,2.070694496153,14.999999981671,5.869017291676,5.566694709757,rank_095.json,/Users/ike/Desktop/Purdue/2025-2026/AAE450/minos-1-orbits-cloud-arch/v2/good_results/dvega/dvega_batches/seed314/candidate_details/rank_095.json
seed314,96,2030-03-28,2030-Mar-28 05:44:35.586995,2035-Oct-21 05:22:30.099961,2.070694556689,2.070694556689,14.999999208929,5.869639865109,5.566008648090,rank_096.json,/Users/ike/Desktop/Purdue/2025-2026/AAE450/minos-1-orbits-cloud-arch/v2/good_results/dvega/dvega_batches/seed314/candidate_details/rank_096.json
seed314,97,2030-03-28,2030-Mar-28 05:44:05.704586,2035-Oct-21 00:57:23.451486,2.070694854207,2.070694854207,14.999999987410,5.869786918150,5.565505543733,rank_097.json,/Users/ike/Desktop/Purdue/2025-2026/AAE450/minos-1-orbits-cloud-arch/v2/good_results/dvega/dvega_batches/seed314/candidate_details/rank_097.json
seed314,98,2030-03-28,2030-Mar-28 05:37:51.629050,2035-Oct-21 05:20:36.205566,2.070694901184,2.070694901184,14.999999910550,5.869351701418,5.566017839649,rank_098.json,/Users/ike/Desktop/Purdue/2025-2026/AAE450/minos-1-orbits-cloud-arch/v2/good_results/dvega/dvega_batches/seed314/candidate_details/rank_098.json
seed314,99,2030-03-28,2030-Mar-28 06:08:17.478891,2035-Oct-21 10:17:56.363194,2.070695678393,2.070695678393,14.999999738939,5.869301215988,5.566525302441,rank_099.json,/Users/ike/Desktop/Purdue/2025-2026/AAE450/minos-1-orbits-cloud-arch/v2/good_results/dvega/dvega_batches/seed314/candidate_details/rank_099.json
seed314,100,2030-03-28,2030-Mar-28 06:17:06.754861,2035-Oct-21 17:48:05.826753,2.070695729467,2.070695729467,14.999999767602,5.868626974877,5.567364408950,rank_100.json,/Users/ike/Desktop/Purdue/2025-2026/AAE450/minos-1-orbits-cloud-arch/v2/good_results/dvega/dvega_batches/seed314/candidate_details/rank_100.json
seed42,2,2036-09-22,2036-Sep-22 18:56:58.278589,2042-Oct-13 13:55:30.960397,2.115324585246,2.115324585246,15.000000000000,5.464501135439,6.055552788609,rank_002.json,/Users/ike/Desktop/Purdue/2025-2026/AAE450/minos-1-orbits-cloud-arch/v2/good_results/dvega/dvega_batches/seed42/candidate_details/rank_002.json
seed42,3,2036-09-22,2036-Sep-22 21:44:19.701049,2042-Oct-14 19:24:06.927813,2.115331426980,2.115331426980,15.000000000000,5.464163085952,6.058597207226,rank_003.json,/Users/ike/Desktop/Purdue/2025-2026/AAE450/minos-1-orbits-cloud-arch/v2/good_results/dvega/dvega_batches/seed42/candidate_details/rank_003.json
seed42,4,2036-09-22,2036-Sep-22 21:45:56.120428,2042-Oct-14 19:35:05.863759,2.115331591389,2.115331591389,15.000000000000,5.464173788643,6.058615032301,rank_004.json,/Users/ike/Desktop/Purdue/2025-2026/AAE450/minos-1-orbits-cloud-arch/v2/good_results/dvega/dvega_batches/seed42/candidate_details/rank_004.json
seed42,5,2036-09-22,2036-Sep-22 21:45:59.793147,2042-Oct-14 19:38:49.078837,2.115331600217,2.115331600217,15.000000000000,5.464173672656,6.058621989178,rank_005.json,/Users/ike/Desktop/Purdue/2025-2026/AAE450/minos-1-orbits-cloud-arch/v2/good_results/dvega/dvega_batches/seed42/candidate_details/rank_005.json
seed42,6,2036-09-22,2036-Sep-22 17:07:55.388552,2042-Oct-12 20:56:57.936207,2.115331616148,2.115331616148,15.000000000000,5.464678607369,6.053823565406,rank_006.json,/Users/ike/Desktop/Purdue/2025-2026/AAE450/minos-1-orbits-cloud-arch/v2/good_results/dvega/dvega_batches/seed42/candidate_details/rank_006.json
seed42,7,2036-09-22,2036-Sep-22 21:46:43.098378,2042-Oct-14 19:34:05.147847,2.115331670060,2.115331670060,15.000000000000,5.464180019370,6.058611619688,rank_007.json,/Users/ike/Desktop/Purdue/2025-2026/AAE450/minos-1-orbits-cloud-arch/v2/good_results/dvega/dvega_batches/seed42/candidate_details/rank_007.json
seed42,8,2036-09-22,2036-Sep-22 21:46:51.815903,2042-Oct-14 19:38:25.852234,2.115331686798,2.115331686798,15.000000000000,5.464169856017,6.058619604670,rank_008.json,/Users/ike/Desktop/Purdue/2025-2026/AAE450/minos-1-orbits-cloud-arch/v2/good_results/dvega/dvega_batches/seed42/candidate_details/rank_008.json
seed42,9,2036-09-22,2036-Sep-22 21:47:31.992680,2042-Oct-14 19:20:09.675894,2.115331748036,2.115331748036,15.000000000000,5.464173049228,6.058583595813,rank_009.json,/Users/ike/Desktop/Purdue/2025-2026/AAE450/minos-1-orbits-cloud-arch/v2/good_results/dvega/dvega_batches/seed42/candidate_details/rank_009.json
seed42,10,2036-09-22,2036-Sep-22 17:06:12.557519,2042-Oct-12 20:35:27.784761,2.115331803026,2.115331803026,15.000000000000,5.464687655641,6.053785941492,rank_010.json,/Users/ike/Desktop/Purdue/2025-2026/AAE450/minos-1-orbits-cloud-arch/v2/good_results/dvega/dvega_batches/seed42/candidate_details/rank_010.json
seed42,11,2036-09-22,2036-Sep-22 21:48:07.462357,2042-Oct-14 19:51:54.884257,2.115331826706,2.115331826706,15.000000000000,5.464157485825,6.058642844256,rank_011.json,/Users/ike/Desktop/Purdue/2025-2026/AAE450/minos-1-orbits-cloud-arch/v2/good_results/dvega/dvega_batches/seed42/candidate_details/rank_011.json
seed42,12,2036-09-22,2036-Sep-22 17:06:00.971858,2042-Oct-12 20:14:55.711427,2.115331832065,2.115331832065,15.000000000000,5.464685598680,6.053747266572,rank_012.json,/Users/ike/Desktop/Purdue/2025-2026/AAE450/minos-1-orbits-cloud-arch/v2/good_results/dvega/dvega_batches/seed42/candidate_details/rank_012.json
seed42,13,2036-09-22,2036-Sep-22 21:48:28.827411,2042-Oct-14 19:31:53.715093,2.115331850871,2.115331850871,15.000000000000,5.464169195918,6.058604104485,rank_013.json,/Users/ike/Desktop/Purdue/2025-2026/AAE450/minos-1-orbits-cloud-arch/v2/good_results/dvega/dvega_batches/seed42/candidate_details/rank_013.json
seed42,14,2036-09-22,2036-Sep-22 21:48:39.878096,2042-Oct-14 19:31:34.491578,2.115331868328,2.115331868328,15.000000000000,5.464176360426,6.058603145153,rank_014.json,/Users/ike/Desktop/Purdue/2025-2026/AAE450/minos-1-orbits-cloud-arch/v2/good_results/dvega/dvega_batches/seed42/candidate_details/rank_014.json
seed42,15,2036-09-22,2036-Sep-22 17:05:30.056396,2042-Oct-12 20:34:33.799494,2.115331872524,2.115331872524,15.000000000000,5.464671007026,6.053785577582,rank_015.json,/Users/ike/Desktop/Purdue/2025-2026/AAE450/minos-1-orbits-cloud-arch/v2/good_results/dvega/dvega_batches/seed42/candidate_details/rank_015.json
seed42,16,2036-09-28,2036-Sep-28 20:30:41.984562,2042-Oct-06 10:23:16.030488,2.155840781213,2.155840781213,13.570038691010,5.472457874763,6.019378978310,rank_016.json,/Users/ike/Desktop/Purdue/2025-2026/AAE450/minos-1-orbits-cloud-arch/v2/good_results/dvega/dvega_batches/seed42/candidate_details/rank_016.json
seed42,17,2036-09-30,2036-Sep-30 05:44:02.672652,2042-Oct-23 16:44:32.247806,2.156027356490,2.156027356490,13.608481225386,5.462311758769,6.062857428168,rank_017.json,/Users/ike/Desktop/Purdue/2025-2026/AAE450/minos-1-orbits-cloud-arch/v2/good_results/dvega/dvega_batches/seed42/candidate_details/rank_017.json
seed42,18,2036-09-30,2036-Sep-30 18:08:54.240125,2042-Oct-22 20:16:52.371069,2.156109192795,2.156109192795,13.609734254697,5.464362245436,6.059107097211,rank_018.json,/Users/ike/Desktop/Purdue/2025-2026/AAE450/minos-1-orbits-cloud-arch/v2/good_results/dvega/dvega_batches/seed42/candidate_details/rank_018.json
seed42,19,2036-09-30,2036-Sep-30 17:45:34.400556,2042-Oct-24 10:19:09.437959,2.156171462896,2.156171462896,13.616331104463,5.462149131283,6.063490729251,rank_019.json,/Users/ike/Desktop/Purdue/2025-2026/AAE450/minos-1-orbits-cloud-arch/v2/good_results/dvega/dvega_batches/seed42/candidate_details/rank_019.json
seed42,20,2036-09-30,2036-Sep-30 01:41:36.906036,2042-Oct-19 19:12:16.533132,2.156263253309,2.156263253309,13.531948729859,5.460349084371,6.052647844801,rank_020.json,/Users/ike/Desktop/Purdue/2025-2026/AAE450/minos-1-orbits-cloud-arch/v2/good_results/dvega/dvega_batches/seed42/candidate_details/rank_020.json
seed42,21,2036-09-30,2036-Sep-30 18:08:54.240125,2042-Oct-26 18:16:41.430575,2.156438781685,2.156438781685,13.609734254697,5.456828760387,6.069829999444,rank_021.json,/Users/ike/Desktop/Purdue/2025-2026/AAE450/minos-1-orbits-cloud-arch/v2/good_results/dvega/dvega_batches/seed42/candidate_details/rank_021.json
seed42,22,2036-09-28,2036-Sep-28 07:11:07.021798,2042-Oct-13 22:29:27.992918,2.156496432995,2.156496432995,13.587617692702,5.462370285444,6.041444880825,rank_022.json,/Users/ike/Desktop/Purdue/2025-2026/AAE450/minos-1-orbits-cloud-arch/v2/good_results/dvega/dvega_batches/seed42/candidate_details/rank_022.json
seed42,23,2036-09-28,2036-Sep-28 07:11:07.021798,2042-Oct-13 22:29:27.992918,2.156892508514,2.156892508514,13.587617692702,5.464199566426,6.041444880825,rank_023.json,/Users/ike/Desktop/Purdue/2025-2026/AAE450/minos-1-orbits-cloud-arch/v2/good_results/dvega/dvega_batches/seed42/candidate_details/rank_023.json
seed42,24,2036-09-29,2036-Sep-29 02:22:07.814083,2042-Oct-04 01:46:40.081832,2.157252105467,2.157252105467,13.529238338672,5.471046705276,6.012252904776,rank_024.json,/Users/ike/Desktop/Purdue/2025-2026/AAE450/minos-1-orbits-cloud-arch/v2/good_results/dvega/dvega_batches/seed42/candidate_details/rank_024.json
seed42,25,2036-09-29,2036-Sep-29 02:22:07.814083,2042-Oct-04 01:46:40.081832,2.157308533611,2.157308533611,13.529238338672,5.471250801236,6.012252904776,rank_025.json,/Users/ike/Desktop/Purdue/2025-2026/AAE450/minos-1-orbits-cloud-arch/v2/good_results/dvega/dvega_batches/seed42/candidate_details/rank_025.json
seed42,26,2036-09-30,2036-Sep-30 17:45:34.400556,2042-Oct-24 10:19:09.437959,2.157315394741,2.157315394741,13.616331104463,5.458907449578,6.063490729251,rank_026.json,/Users/ike/Desktop/Purdue/2025-2026/AAE450/minos-1-orbits-cloud-arch/v2/good_results/dvega/dvega_batches/seed42/candidate_details/rank_026.json
seed42,27,2036-09-30,2036-Sep-30 12:15:15.771038,2042-Oct-12 22:12:56.876849,2.157403734258,2.157403734258,13.573146524474,5.461045649151,6.032621653922,rank_027.json,/Users/ike/Desktop/Purdue/2025-2026/AAE450/minos-1-orbits-cloud-arch/v2/good_results/dvega/dvega_batches/seed42/candidate_details/rank_027.json
seed42,28,2036-09-28,2036-Sep-28 20:58:50.629197,2042-Sep-29 14:12:36.501518,2.157535183077,2.157535183077,13.537609235011,5.476750132594,6.000596555895,rank_028.json,/Users/ike/Desktop/Purdue/2025-2026/AAE450/minos-1-orbits-cloud-arch/v2/good_results/dvega/dvega_batches/seed42/candidate_details/rank_028.json
seed42,29,2036-09-28,2036-Sep-28 20:30:41.984562,2042-Oct-02 05:58:36.546542,2.157562596265,2.157562596265,13.570038691010,5.482181844748,6.007924384680,rank_029.json,/Users/ike/Desktop/Purdue/2025-2026/AAE450/minos-1-orbits-cloud-arch/v2/good_results/dvega/dvega_batches/seed42/candidate_details/rank_029.json
seed42,30,2036-09-30,2036-Sep-30 05:38:05.228075,2042-Nov-10 03:35:17.902333,2.157663890776,2.157663890776,13.561383394960,5.452868355601,6.110649500414,rank_030.json,/Users/ike/Desktop/Purdue/2025-2026/AAE450/minos-1-orbits-cloud-arch/v2/good_results/dvega/dvega_batches/seed42/candidate_details/rank_030.json
seed42,31,2036-09-30,2036-Sep-30 05:38:05.228075,2042-Nov-10 03:35:17.902333,2.157669702768,2.157669702768,13.561383394960,5.452882551151,6.110649500414,rank_031.json,/Users/ike/Desktop/Purdue/2025-2026/AAE450/minos-1-orbits-cloud-arch/v2/good_results/dvega/dvega_batches/seed42/candidate_details/rank_031.json
seed42,32,2036-09-30,2036-Sep-30 07:01:50.944315,2042-Oct-17 17:46:44.935533,2.157724204570,2.157724204570,13.495849254953,5.464633981166,6.046400676579,rank_032.json,/Users/ike/Desktop/Purdue/2025-2026/AAE450/minos-1-orbits-cloud-arch/v2/good_results/dvega/dvega_batches/seed42/candidate_details/rank_032.json
seed42,33,2036-09-30,2036-Sep-30 00:29:04.534766,2042-Oct-10 23:28:44.494168,2.157936384815,2.157936384815,13.476178833639,5.463373403553,6.028632721101,rank_033.json,/Users/ike/Desktop/Purdue/2025-2026/AAE450/minos-1-orbits-cloud-arch/v2/good_results/dvega/dvega_batches/seed42/candidate_details/rank_033.json
seed42,34,2036-09-30,2036-Sep-30 22:35:46.685495,2042-Oct-27 07:52:19.347722,2.157945731030,2.157945731030,13.571343050402,5.452082551490,6.070873344685,rank_034.json,/Users/ike/Desktop/Purdue/2025-2026/AAE450/minos-1-orbits-cloud-arch/v2/good_results/dvega/dvega_batches/seed42/candidate_details/rank_034.json
seed42,35,2036-09-30,2036-Sep-30 12:15:15.771038,2042-Oct-15 11:39:45.541973,2.157955251987,2.157955251987,13.573146524474,5.455571050434,6.039631333528,rank_035.json,/Users/ike/Desktop/Purdue/2025-2026/AAE450/minos-1-orbits-cloud-arch/v2/good_results/dvega/dvega_batches/seed42/candidate_details/rank_035.json
seed42,36,2036-09-30,2036-Sep-30 20:13:13.413410,2042-Oct-16 11:24:15.983814,2.157994957102,2.157994957102,13.583606910920,5.469743897626,6.041430988745,rank_036.json,/Users/ike/Desktop/Purdue/2025-2026/AAE450/minos-1-orbits-cloud-arch/v2/good_results/dvega/dvega_batches/seed42/candidate_details/rank_036.json
seed42,37,2036-09-30,2036-Sep-30 09:16:04.236245,2042-Oct-24 17:22:58.222270,2.158001160095,2.158001160095,13.484300503735,5.456648563171,6.065265228852,rank_037.json,/Users/ike/Desktop/Purdue/2025-2026/AAE450/minos-1-orbits-cloud-arch/v2/good_results/dvega/dvega_batches/seed42/candidate_details/rank_037.json
seed42,38,2036-09-30,2036-Sep-30 07:01:50.944315,2042-Oct-24 09:54:40.623170,2.158143091290,2.158143091290,13.495849254953,5.451326977682,6.064668088792,rank_038.json,/Users/ike/Desktop/Purdue/2025-2026/AAE450/minos-1-orbits-cloud-arch/v2/good_results/dvega/dvega_batches/seed42/candidate_details/rank_038.json
seed42,39,2036-09-28,2036-Sep-28 21:21:25.195687,2042-Sep-29 12:36:25.176726,2.158184705246,2.158184705246,13.535025491476,5.478468681054,6.000370750027,rank_039.json,/Users/ike/Desktop/Purdue/2025-2026/AAE450/minos-1-orbits-cloud-arch/v2/good_results/dvega/dvega_batches/seed42/candidate_details/rank_039.json
seed42,40,2036-09-30,2036-Sep-30 09:53:46.637829,2042-Oct-22 14:41:58.555799,2.158238677050,2.158238677050,13.467939582875,5.458180067807,6.059411739738,rank_040.json,/Users/ike/Desktop/Purdue/2025-2026/AAE450/minos-1-orbits-cloud-arch/v2/good_results/dvega/dvega_batches/seed42/candidate_details/rank_040.json
seed42,41,2036-09-30,2036-Sep-30 09:53:46.637829,2042-Oct-22 14:41:58.555799,2.158240179794,2.158240179794,13.467939582875,5.458220532958,6.059411739738,rank_041.json,/Users/ike/Desktop/Purdue/2025-2026/AAE450/minos-1-orbits-cloud-arch/v2/good_results/dvega/dvega_batches/seed42/candidate_details/rank_041.json
seed42,42,2036-09-29,2036-Sep-29 18:00:23.332005,2042-Sep-27 04:15:51.258081,2.158328601048,2.158328601048,13.487793419138,5.477112139575,5.991587697609,rank_042.json,/Users/ike/Desktop/Purdue/2025-2026/AAE450/minos-1-orbits-cloud-arch/v2/good_results/dvega/dvega_batches/seed42/candidate_details/rank_042.json
seed42,43,2036-09-29,2036-Sep-29 18:00:23.332005,2042-Sep-27 04:15:51.258081,2.158335302232,2.158335302232,13.487793419138,5.477125344534,5.991587697609,rank_043.json,/Users/ike/Desktop/Purdue/2025-2026/AAE450/minos-1-orbits-cloud-arch/v2/good_results/dvega/dvega_batches/seed42/candidate_details/rank_043.json
seed42,44,2036-09-30,2036-Sep-30 15:03:10.092040,2042-Oct-19 05:57:58.758297,2.158468820746,2.158468820746,13.465686459900,5.457259365425,6.049613679946,rank_044.json,/Users/ike/Desktop/Purdue/2025-2026/AAE450/minos-1-orbits-cloud-arch/v2/good_results/dvega/dvega_batches/seed42/candidate_details/rank_044.json
seed42,45,2036-09-28,2036-Sep-28 21:21:25.195687,2042-Sep-29 12:36:25.176726,2.158481200234,2.158481200234,13.535025491476,5.477242006535,6.000370750027,rank_045.json,/Users/ike/Desktop/Purdue/2025-2026/AAE450/minos-1-orbits-cloud-arch/v2/good_results/dvega/dvega_batches/seed42/candidate_details/rank_045.json
seed42,46,2036-09-30,2036-Sep-30 15:03:10.092040,2042-Oct-19 05:57:58.758297,2.158482020994,2.158482020994,13.465686459900,5.457287999199,6.049613679946,rank_046.json,/Users/ike/Desktop/Purdue/2025-2026/AAE450/minos-1-orbits-cloud-arch/v2/good_results/dvega/dvega_batches/seed42/candidate_details/rank_046.json
seed42,47,2036-09-30,2036-Sep-30 04:00:43.557304,2042-Oct-22 21:36:40.321827,2.158690834496,2.158690834496,13.548898002520,5.456706379992,6.060871446641,rank_047.json,/Users/ike/Desktop/Purdue/2025-2026/AAE450/minos-1-orbits-cloud-arch/v2/good_results/dvega/dvega_batches/seed42/candidate_details/rank_047.json
seed42,48,2036-09-30,2036-Sep-30 14:24:14.702211,2042-Oct-15 11:39:19.596946,2.158703020842,2.158703020842,13.445251732973,5.461553598206,6.039385279449,rank_048.json,/Users/ike/Desktop/Purdue/2025-2026/AAE450/minos-1-orbits-cloud-arch/v2/good_results/dvega/dvega_batches/seed42/candidate_details/rank_048.json
seed42,49,2036-09-30,2036-Sep-30 00:29:04.534766,2042-Oct-10 23:28:44.494168,2.158705726732,2.158705726732,13.476178833639,5.464793597043,6.028632721101,rank_049.json,/Users/ike/Desktop/Purdue/2025-2026/AAE450/minos-1-orbits-cloud-arch/v2/good_results/dvega/dvega_batches/seed42/candidate_details/rank_049.json
seed42,50,2036-09-30,2036-Sep-30 11:21:40.914586,2042-Oct-16 12:44:49.214399,2.158745259177,2.158745259177,13.452232303136,5.457916265573,6.042594756883,rank_050.json,/Users/ike/Desktop/Purdue/2025-2026/AAE450/minos-1-orbits-cloud-arch/v2/good_results/dvega/dvega_batches/seed42/candidate_details/rank_050.json
seed42,51,2036-10-01,2036-Oct-01 05:07:17.270753,2042-Nov-05 13:54:36.369581,2.158778263576,2.158778263576,13.550064191504,5.459646505825,6.095458434698,rank_051.json,/Users/ike/Desktop/Purdue/2025-2026/AAE450/minos-1-orbits-cloud-arch/v2/good_results/dvega/dvega_batches/seed42/candidate_details/rank_051.json
seed42,52,2036-09-30,2036-Sep-30 15:13:50.349483,2042-Oct-19 01:36:35.773782,2.158786039396,2.158786039396,13.458009196790,5.456471664866,6.049096427621,rank_052.json,/Users/ike/Desktop/Purdue/2025-2026/AAE450/minos-1-orbits-cloud-arch/v2/good_results/dvega/dvega_batches/seed42/candidate_details/rank_052.json
seed42,53,2036-09-30,2036-Sep-30 15:13:50.349483,2042-Oct-19 01:36:35.773782,2.158821829602,2.158821829602,13.458009196790,5.456218699612,6.049096427621,rank_053.json,/Users/ike/Desktop/Purdue/2025-2026/AAE450/minos-1-orbits-cloud-arch/v2/good_results/dvega/dvega_batches/seed42/candidate_details/rank_053.json
seed42,54,2036-09-30,2036-Sep-30 14:24:14.702211,2042-Oct-17 00:43:39.125707,2.158842137083,2.158842137083,13.445251732973,5.458322601217,6.043614356716,rank_054.json,/Users/ike/Desktop/Purdue/2025-2026/AAE450/minos-1-orbits-cloud-arch/v2/good_results/dvega/dvega_batches/seed42/candidate_details/rank_054.json
seed42,55,2036-09-29,2036-Sep-29 20:57:52.886960,2042-Oct-17 11:55:53.253815,2.159066360988,2.159066360988,13.467521815353,5.463528440268,6.046881903784,rank_055.json,/Users/ike/Desktop/Purdue/2025-2026/AAE450/minos-1-orbits-cloud-arch/v2/good_results/dvega/dvega_batches/seed42/candidate_details/rank_055.json
seed42,56,2036-10-01,2036-Oct-01 04:51:14.563770,2042-Oct-15 07:26:05.968017,2.159093052663,2.159093052663,13.600414164039,5.470462925604,6.037255412460,rank_056.json,/Users/ike/Desktop/Purdue/2025-2026/AAE450/minos-1-orbits-cloud-arch/v2/good_results/dvega/dvega_batches/seed42/candidate_details/rank_056.json
seed42,57,2036-09-30,2036-Sep-30 14:52:44.820665,2042-Oct-17 14:48:51.159824,2.159141942147,2.159141942147,13.456603276040,5.456975598121,6.045167133722,rank_057.json,/Users/ike/Desktop/Purdue/2025-2026/AAE450/minos-1-orbits-cloud-arch/v2/good_results/dvega/dvega_batches/seed42/candidate_details/rank_057.json
seed42,58,2036-09-30,2036-Sep-30 11:20:11.030302,2042-Oct-16 19:44:24.268191,2.159322075061,2.159322075061,13.422713566813,5.458032298435,6.043395354459,rank_058.json,/Users/ike/Desktop/Purdue/2025-2026/AAE450/minos-1-orbits-cloud-arch/v2/good_results/dvega/dvega_batches/seed42/candidate_details/rank_058.json
seed42,59,2036-10-01,2036-Oct-01 08:25:49.010479,2042-Oct-17 06:10:43.014235,2.159518029016,2.159518029016,13.552175977618,5.460853445771,6.042179823680,rank_059.json,/Users/ike/Desktop/Purdue/2025-2026/AAE450/minos-1-orbits-cloud-arch/v2/good_results/dvega/dvega_batches/seed42/candidate_details/rank_059.json
seed42,60,2036-09-30,2036-Sep-30 19:58:43.416607,2042-Oct-17 04:22:56.654496,2.159668062736,2.159668062736,13.422713566813,5.460857411581,6.043395354459,rank_060.json,/Users/ike/Desktop/Purdue/2025-2026/AAE450/minos-1-orbits-cloud-arch/v2/good_results/dvega/dvega_batches/seed42/candidate_details/rank_060.json
seed42,61,2036-09-30,2036-Sep-30 04:00:43.557304,2042-Oct-30 04:38:13.573840,2.159707109378,2.159707109378,13.548898002520,5.443215504519,6.080837896942,rank_061.json,/Users/ike/Desktop/Purdue/2025-2026/AAE450/minos-1-orbits-cloud-arch/v2/good_results/dvega/dvega_batches/seed42/candidate_details/rank_061.json
seed42,62,2036-09-30,2036-Sep-30 14:52:44.820665,2042-Oct-08 19:00:38.900566,2.160228545052,2.160228545052,13.456603276040,5.475931887453,6.021005212054,rank_062.json,/Users/ike/Desktop/Purdue/2025-2026/AAE450/minos-1-orbits-cloud-arch/v2/good_results/dvega/dvega_batches/seed42/candidate_details/rank_062.json
seed42,63,2036-09-29,2036-Sep-29 22:32:31.805193,2042-Oct-15 21:17:29.229718,2.160297932761,2.160297932761,13.399498236922,5.458361760831,6.042294009194,rank_063.json,/Users/ike/Desktop/Purdue/2025-2026/AAE450/minos-1-orbits-cloud-arch/v2/good_results/dvega/dvega_batches/seed42/candidate_details/rank_063.json
seed42,64,2036-09-29,2036-Sep-29 22:32:31.805193,2042-Oct-15 21:17:29.229718,2.160298638893,2.160298638893,13.399498236922,5.458356059145,6.042294009194,rank_064.json,/Users/ike/Desktop/Purdue/2025-2026/AAE450/minos-1-orbits-cloud-arch/v2/good_results/dvega/dvega_batches/seed42/candidate_details/rank_064.json
seed42,65,2036-09-30,2036-Sep-30 10:46:59.076077,2042-Sep-27 22:55:36.073393,2.160466620181,2.160466620181,13.475823968654,5.475697532336,5.991802830295,rank_065.json,/Users/ike/Desktop/Purdue/2025-2026/AAE450/minos-1-orbits-cloud-arch/v2/good_results/dvega/dvega_batches/seed42/candidate_details/rank_065.json
seed42,66,2036-09-30,2036-Sep-30 22:35:46.685495,2042-Oct-27 07:52:19.347722,2.160673487822,2.160673487822,13.571343050402,5.456590616562,6.070873344685,rank_066.json,/Users/ike/Desktop/Purdue/2025-2026/AAE450/minos-1-orbits-cloud-arch/v2/good_results/dvega/dvega_batches/seed42/candidate_details/rank_066.json
seed42,67,2036-10-01,2036-Oct-01 08:02:32.527428,2042-Nov-03 10:20:35.727673,2.160761341926,2.160761341926,13.706818996443,5.452062995712,6.089242629359,rank_067.json,/Users/ike/Desktop/Purdue/2025-2026/AAE450/minos-1-orbits-cloud-arch/v2/good_results/dvega/dvega_batches/seed42/candidate_details/rank_067.json
seed42,68,2036-09-28,2036-Sep-28 22:44:10.049735,2042-Sep-28 21:31:20.890263,2.160846968932,2.160846968932,13.461813964573,5.470501717533,5.998492624297,rank_068.json,/Users/ike/Desktop/Purdue/2025-2026/AAE450/minos-1-orbits-cloud-arch/v2/good_results/dvega/dvega_batches/seed42/candidate_details/rank_068.json
seed42,69,2036-09-28,2036-Sep-28 22:44:10.049735,2042-Sep-21 06:58:45.549350,2.160891339017,2.160891339017,13.461813964573,5.489868863269,5.977668628147,rank_069.json,/Users/ike/Desktop/Purdue/2025-2026/AAE450/minos-1-orbits-cloud-arch/v2/good_results/dvega/dvega_batches/seed42/candidate_details/rank_069.json
seed42,70,2036-10-01,2036-Oct-01 04:13:45.414292,2042-Oct-20 06:28:47.841875,2.160941029602,2.160941029602,13.486845136228,5.455207683524,6.050906989999,rank_070.json,/Users/ike/Desktop/Purdue/2025-2026/AAE450/minos-1-orbits-cloud-arch/v2/good_results/dvega/dvega_batches/seed42/candidate_details/rank_070.json
seed42,71,2036-10-01,2036-Oct-01 04:13:45.414292,2042-Oct-24 15:56:06.176360,2.161288097212,2.161288097212,13.486845136228,5.446604893430,6.062937002879,rank_071.json,/Users/ike/Desktop/Purdue/2025-2026/AAE450/minos-1-orbits-cloud-arch/v2/good_results/dvega/dvega_batches/seed42/candidate_details/rank_071.json
seed42,72,2036-10-01,2036-Oct-01 13:42:37.659057,2042-Oct-24 13:50:56.630335,2.161396450755,2.161396450755,13.373631625171,5.460889555941,6.061617454156,rank_072.json,/Users/ike/Desktop/Purdue/2025-2026/AAE450/minos-1-orbits-cloud-arch/v2/good_results/dvega/dvega_batches/seed42/candidate_details/rank_072.json
seed42,73,2036-10-01,2036-Oct-01 13:42:37.659057,2042-Oct-24 13:50:56.630335,2.161415961346,2.161415961346,13.373631625171,5.460961682565,6.061617454156,rank_073.json,/Users/ike/Desktop/Purdue/2025-2026/AAE450/minos-1-orbits-cloud-arch/v2/good_results/dvega/dvega_batches/seed42/candidate_details/rank_073.json
seed42,74,2036-10-01,2036-Oct-01 19:00:59.453900,2042-Oct-20 10:50:53.671990,2.161660285932,2.161660285932,13.384718466010,5.456215095850,6.049718426563,rank_074.json,/Users/ike/Desktop/Purdue/2025-2026/AAE450/minos-1-orbits-cloud-arch/v2/good_results/dvega/dvega_batches/seed42/candidate_details/rank_074.json
seed42,75,2036-10-01,2036-Oct-01 08:25:49.010479,2042-Oct-21 16:27:30.145255,2.161711624298,2.161711624298,13.552175977618,5.449692082724,6.054303912046,rank_075.json,/Users/ike/Desktop/Purdue/2025-2026/AAE450/minos-1-orbits-cloud-arch/v2/good_results/dvega/dvega_batches/seed42/candidate_details/rank_075.json
seed42,76,2036-10-01,2036-Oct-01 01:50:10.984561,2042-Oct-23 16:44:03.395882,2.161960873266,2.161960873266,13.354197550031,5.458929416808,6.060563300483,rank_076.json,/Users/ike/Desktop/Purdue/2025-2026/AAE450/minos-1-orbits-cloud-arch/v2/good_results/dvega/dvega_batches/seed42/candidate_details/rank_076.json
seed42,77,2036-10-02,2036-Oct-02 04:27:14.645780,2042-Nov-03 13:09:40.995171,2.162171588079,2.162171588079,13.410110891986,5.456954794003,6.087235605667,rank_077.json,/Users/ike/Desktop/Purdue/2025-2026/AAE450/minos-1-orbits-cloud-arch/v2/good_results/dvega/dvega_batches/seed42/candidate_details/rank_077.json
seed42,78,2036-10-02,2036-Oct-02 04:27:14.645780,2042-Nov-03 13:09:40.995171,2.162205903387,2.162205903387,13.410110891986,5.456876258973,6.087235605667,rank_078.json,/Users/ike/Desktop/Purdue/2025-2026/AAE450/minos-1-orbits-cloud-arch/v2/good_results/dvega/dvega_batches/seed42/candidate_details/rank_078.json
seed42,79,2036-09-30,2036-Sep-30 05:55:18.904553,2042-Sep-20 06:05:28.160083,2.162755330461,2.162755330461,13.368670920478,5.487679326407,5.971271872878,rank_079.json,/Users/ike/Desktop/Purdue/2025-2026/AAE450/minos-1-orbits-cloud-arch/v2/good_results/dvega/dvega_batches/seed42/candidate_details/rank_079.json
seed42,80,2036-09-30,2036-Sep-30 13:32:55.806029,2042-Oct-03 08:25:49.808003,2.163206468353,2.163206468353,13.355549836416,5.466548116505,6.006260742324,rank_080.json,/Users/ike/Desktop/Purdue/2025-2026/AAE450/minos-1-orbits-cloud-arch/v2/good_results/dvega/dvega_batches/seed42/candidate_details/rank_080.json
seed42,81,2036-10-01,2036-Oct-01 10:04:17.347638,2042-Sep-25 21:12:47.389330,2.167639750318,2.167639750318,13.256050511712,5.478425359990,5.983474980407,rank_081.json,/Users/ike/Desktop/Purdue/2025-2026/AAE450/minos-1-orbits-cloud-arch/v2/good_results/dvega/dvega_batches/seed42/candidate_details/rank_081.json
seed42,82,2036-10-02,2036-Oct-02 05:22:58.819382,2042-Oct-08 22:37:48.095182,2.169718783031,2.169718783031,13.169864284574,5.460694897705,6.017025669753,rank_082.json,/Users/ike/Desktop/Purdue/2025-2026/AAE450/minos-1-orbits-cloud-arch/v2/good_results/dvega/dvega_batches/seed42/candidate_details/rank_082.json
seed42,83,2036-09-29,2036-Sep-29 11:27:27.153032,2042-Oct-10 21:07:52.512891,2.170519290165,2.170519290165,13.337887875526,5.457972334417,6.029850982326,rank_083.json,/Users/ike/Desktop/Purdue/2025-2026/AAE450/minos-1-orbits-cloud-arch/v2/good_results/dvega/dvega_batches/seed42/candidate_details/rank_083.json
seed42,84,2036-09-30,2036-Sep-30 02:33:12.009233,2042-Sep-05 17:18:37.280140,2.172628696972,2.172628696972,13.223283813269,5.499402306870,5.931868243178,rank_084.json,/Users/ike/Desktop/Purdue/2025-2026/AAE450/minos-1-orbits-cloud-arch/v2/good_results/dvega/dvega_batches/seed42/candidate_details/rank_084.json
seed42,85,2036-09-30,2036-Sep-30 02:33:12.009233,2042-Sep-02 13:11:15.728674,2.172678372600,2.172678372600,13.223283813269,5.509096076899,5.923184390430,rank_085.json,/Users/ike/Desktop/Purdue/2025-2026/AAE450/minos-1-orbits-cloud-arch/v2/good_results/dvega/dvega_batches/seed42/candidate_details/rank_085.json
seed42,86,2036-09-29,2036-Sep-29 10:27:17.942817,2042-Aug-12 13:51:04.348964,2.174352731027,2.174352731027,13.305332550037,5.556157713615,5.867601668256,rank_086.json,/Users/ike/Desktop/Purdue/2025-2026/AAE450/minos-1-orbits-cloud-arch/v2/good_results/dvega/dvega_batches/seed42/candidate_details/rank_086.json
seed42,87,2036-09-29,2036-Sep-29 10:27:17.942817,2042-Aug-12 13:51:04.348964,2.174804778828,2.174804778828,13.305332550037,5.552854919886,5.867601668256,rank_087.json,/Users/ike/Desktop/Purdue/2025-2026/AAE450/minos-1-orbits-cloud-arch/v2/good_results/dvega/dvega_batches/seed42/candidate_details/rank_087.json
seed42,88,2036-09-30,2036-Sep-30 18:31:47.284220,2042-Oct-03 16:49:24.914402,2.177489697485,2.177489697485,13.134965021781,5.467356554764,6.006649987014,rank_088.json,/Users/ike/Desktop/Purdue/2025-2026/AAE450/minos-1-orbits-cloud-arch/v2/good_results/dvega/dvega_batches/seed42/candidate_details/rank_088.json
seed42,89,2036-09-29,2036-Sep-29 11:27:27.153032,2042-Oct-27 11:02:29.595589,2.181811016944,2.181811016944,13.337887875526,5.424487315179,6.075243441914,rank_089.json,/Users/ike/Desktop/Purdue/2025-2026/AAE450/minos-1-orbits-cloud-arch/v2/good_results/dvega/dvega_batches/seed42/candidate_details/rank_089.json
seed42,90,2036-09-24,2036-Sep-24 19:31:55.313219,2042-Jul-27 15:23:57.862354,2.184342873476,2.184342873476,13.438529275405,5.586111965321,5.836626440196,rank_090.json,/Users/ike/Desktop/Purdue/2025-2026/AAE450/minos-1-orbits-cloud-arch/v2/good_results/dvega/dvega_batches/seed42/candidate_details/rank_090.json
seed42,91,2036-09-24,2036-Sep-24 19:31:55.313219,2042-Jul-27 15:23:57.862354,2.185047028277,2.185047028277,13.438529275405,5.586878014120,5.836626440196,rank_091.json,/Users/ike/Desktop/Purdue/2025-2026/AAE450/minos-1-orbits-cloud-arch/v2/good_results/dvega/dvega_batches/seed42/candidate_details/rank_091.json
seed42,92,2036-09-30,2036-Sep-30 03:57:05.283165,2042-Sep-20 15:57:08.700844,2.196609531982,2.196609531982,12.976784152708,5.459916862858,5.972621600428,rank_092.json,/Users/ike/Desktop/Purdue/2025-2026/AAE450/minos-1-orbits-cloud-arch/v2/good_results/dvega/dvega_batches/seed42/candidate_details/rank_092.json
seed42,93,2037-01-12,2037-Jan-12 13:40:09.744317,2045-Mar-30 05:44:15.284104,2.510308336523,2.510308336523,12.036749699078,7.446145049644,8.209909674366,rank_093.json,/Users/ike/Desktop/Purdue/2025-2026/AAE450/minos-1-orbits-cloud-arch/v2/good_results/dvega/dvega_batches/seed42/candidate_details/rank_093.json
seed42,94,2037-01-12,2037-Jan-12 13:40:09.744317,2045-Mar-30 05:44:15.284104,2.510318523412,2.510318523412,12.036749699078,7.451607540784,8.209909674366,rank_094.json,/Users/ike/Desktop/Purdue/2025-2026/AAE450/minos-1-orbits-cloud-arch/v2/good_results/dvega/dvega_batches/seed42/candidate_details/rank_094.json
seed42,95,2037-01-11,2037-Jan-11 23:11:04.142080,2045-Mar-29 22:05:11.046900,2.510418824759,2.510418824759,12.016772692114,7.444044575848,8.210689244582,rank_095.json,/Users/ike/Desktop/Purdue/2025-2026/AAE450/minos-1-orbits-cloud-arch/v2/good_results/dvega/dvega_batches/seed42/candidate_details/rank_095.json
seed42,96,2037-01-11,2037-Jan-11 20:30:56.702517,2045-Mar-30 03:48:36.650672,2.510438549215,2.510438549215,11.992050422499,7.414285037718,8.211646638152,rank_096.json,/Users/ike/Desktop/Purdue/2025-2026/AAE450/minos-1-orbits-cloud-arch/v2/good_results/dvega/dvega_batches/seed42/candidate_details/rank_096.json
seed42,97,2037-01-12,2037-Jan-12 00:53:20.706968,2045-Mar-30 00:45:22.493472,2.510483195996,2.510483195996,12.017943023458,7.452457923976,8.210799356938,rank_097.json,/Users/ike/Desktop/Purdue/2025-2026/AAE450/minos-1-orbits-cloud-arch/v2/good_results/dvega/dvega_batches/seed42/candidate_details/rank_097.json
seed42,98,2037-01-11,2037-Jan-11 13:58:40.723027,2045-Mar-29 16:53:30.170575,2.510549083880,2.510549083880,11.995881144696,7.396735069534,8.211146901144,rank_098.json,/Users/ike/Desktop/Purdue/2025-2026/AAE450/minos-1-orbits-cloud-arch/v2/good_results/dvega/dvega_batches/seed42/candidate_details/rank_098.json
seed42,99,2037-01-11,2037-Jan-11 22:30:43.301848,2045-Mar-29 18:49:22.187479,2.510572742542,2.510572742542,12.018547268777,7.395642002589,8.210393657491,rank_099.json,/Users/ike/Desktop/Purdue/2025-2026/AAE450/minos-1-orbits-cloud-arch/v2/good_results/dvega/dvega_batches/seed42/candidate_details/rank_099.json
seed42,100,2037-01-11,2037-Jan-11 09:44:17.868285,2045-Mar-29 14:57:30.239735,2.510652151814,2.510652151814,11.991750255185,7.398307454221,8.211410004926,rank_100.json,/Users/ike/Desktop/Purdue/2025-2026/AAE450/minos-1-orbits-cloud-arch/v2/good_results/dvega/dvega_batches/seed42/candidate_details/rank_100.json
